date,opened__all__all__all,opened__all__all__bug_report,opened__all__all__bugfix_pull_request,opened__all__all__feature_idea,opened__all__all__feature_pull_request,opened__all__all__docs_report,opened__all__all__docs_pull_request,opened__all__all__new_module_pull_request,opened__all__all__new_plugin,opened__all__issue__all,opened__all__issue__bug_report,opened__all__issue__bugfix_pull_request,opened__all__issue__feature_idea,opened__all__issue__feature_pull_request,opened__all__issue__docs_report,opened__all__issue__docs_pull_request,opened__all__issue__new_module_pull_request,opened__all__issue__new_plugin,opened__all__pullrequest__all,opened__all__pullrequest__bug_report,opened__all__pullrequest__bugfix_pull_request,opened__all__pullrequest__feature_idea,opened__all__pullrequest__feature_pull_request,opened__all__pullrequest__docs_report,opened__all__pullrequest__docs_pull_request,opened__all__pullrequest__new_module_pull_request,opened__all__pullrequest__new_plugin,closed__all__all__all,closed__all__all__bug_report,closed__all__all__bugfix_pull_request,closed__all__all__feature_idea,closed__all__all__feature_pull_request,closed__all__all__docs_report,closed__all__all__docs_pull_request,closed__all__all__new_module_pull_request,closed__all__all__new_plugin,closed__all__issue__all,closed__all__issue__bug_report,closed__all__issue__bugfix_pull_request,closed__all__issue__feature_idea,closed__all__issue__feature_pull_request,closed__all__issue__docs_report,closed__all__issue__docs_pull_request,closed__all__issue__new_module_pull_request,closed__all__issue__new_plugin,closed__all__pullrequest__all,closed__all__pullrequest__bug_report,closed__all__pullrequest__bugfix_pull_request,closed__all__pullrequest__feature_idea,closed__all__pullrequest__feature_pull_request,closed__all__pullrequest__docs_report,closed__all__pullrequest__docs_pull_request,closed__all__pullrequest__new_module_pull_request,closed__all__pullrequest__new_plugin,closed_self__all__all__all,closed_self__all__all__bug_report,closed_self__all__all__bugfix_pull_request,closed_self__all__all__feature_idea,closed_self__all__all__feature_pull_request,closed_self__all__all__docs_report,closed_self__all__all__docs_pull_request,closed_self__all__all__new_module_pull_request,closed_self__all__all__new_plugin,closed_self__all__issue__all,closed_self__all__issue__bug_report,closed_self__all__issue__bugfix_pull_request,closed_self__all__issue__feature_idea,closed_self__all__issue__feature_pull_request,closed_self__all__issue__docs_report,closed_self__all__issue__docs_pull_request,closed_self__all__issue__new_module_pull_request,closed_self__all__issue__new_plugin,closed_self__all__pullrequest__all,closed_self__all__pullrequest__bug_report,closed_self__all__pullrequest__bugfix_pull_request,closed_self__all__pullrequest__feature_idea,closed_self__all__pullrequest__feature_pull_request,closed_self__all__pullrequest__docs_report,closed_self__all__pullrequest__docs_pull_request,closed_self__all__pullrequest__new_module_pull_request,closed_self__all__pullrequest__new_plugin,closed_admin__all__all__all,closed_admin__all__all__bug_report,closed_admin__all__all__bugfix_pull_request,closed_admin__all__all__feature_idea,closed_admin__all__all__feature_pull_request,closed_admin__all__all__docs_report,closed_admin__all__all__docs_pull_request,closed_admin__all__all__new_module_pull_request,closed_admin__all__all__new_plugin,closed_admin__all__issue__all,closed_admin__all__issue__bug_report,closed_admin__all__issue__bugfix_pull_request,closed_admin__all__issue__feature_idea,closed_admin__all__issue__feature_pull_request,closed_admin__all__issue__docs_report,closed_admin__all__issue__docs_pull_request,closed_admin__all__issue__new_module_pull_request,closed_admin__all__issue__new_plugin,closed_admin__all__pullrequest__all,closed_admin__all__pullrequest__bug_report,closed_admin__all__pullrequest__bugfix_pull_request,closed_admin__all__pullrequest__feature_idea,closed_admin__all__pullrequest__feature_pull_request,closed_admin__all__pullrequest__docs_report,closed_admin__all__pullrequest__docs_pull_request,closed_admin__all__pullrequest__new_module_pull_request,closed_admin__all__pullrequest__new_plugin,merged__all__all__all,merged__all__all__bug_report,merged__all__all__bugfix_pull_request,merged__all__all__feature_idea,merged__all__all__feature_pull_request,merged__all__all__docs_report,merged__all__all__docs_pull_request,merged__all__all__new_module_pull_request,merged__all__all__new_plugin,merged__all__issue__all,merged__all__issue__bug_report,merged__all__issue__bugfix_pull_request,merged__all__issue__feature_idea,merged__all__issue__feature_pull_request,merged__all__issue__docs_report,merged__all__issue__docs_pull_request,merged__all__issue__new_module_pull_request,merged__all__issue__new_plugin,merged__all__pullrequest__all,merged__all__pullrequest__bug_report,merged__all__pullrequest__bugfix_pull_request,merged__all__pullrequest__feature_idea,merged__all__pullrequest__feature_pull_request,merged__all__pullrequest__docs_report,merged__all__pullrequest__docs_pull_request,merged__all__pullrequest__new_module_pull_request,merged__all__pullrequest__new_plugin,opened__ansible__all__all,opened__ansible__all__bug_report,opened__ansible__all__bugfix_pull_request,opened__ansible__all__feature_idea,opened__ansible__all__feature_pull_request,opened__ansible__all__docs_report,opened__ansible__all__docs_pull_request,opened__ansible__all__new_module_pull_request,opened__ansible__all__new_plugin,opened__ansible__issue__all,opened__ansible__issue__bug_report,opened__ansible__issue__bugfix_pull_request,opened__ansible__issue__feature_idea,opened__ansible__issue__feature_pull_request,opened__ansible__issue__docs_report,opened__ansible__issue__docs_pull_request,opened__ansible__issue__new_module_pull_request,opened__ansible__issue__new_plugin,opened__ansible__pullrequest__all,opened__ansible__pullrequest__bug_report,opened__ansible__pullrequest__bugfix_pull_request,opened__ansible__pullrequest__feature_idea,opened__ansible__pullrequest__feature_pull_request,opened__ansible__pullrequest__docs_report,opened__ansible__pullrequest__docs_pull_request,opened__ansible__pullrequest__new_module_pull_request,opened__ansible__pullrequest__new_plugin,closed__ansible__all__all,closed__ansible__all__bug_report,closed__ansible__all__bugfix_pull_request,closed__ansible__all__feature_idea,closed__ansible__all__feature_pull_request,closed__ansible__all__docs_report,closed__ansible__all__docs_pull_request,closed__ansible__all__new_module_pull_request,closed__ansible__all__new_plugin,closed__ansible__issue__all,closed__ansible__issue__bug_report,closed__ansible__issue__bugfix_pull_request,closed__ansible__issue__feature_idea,closed__ansible__issue__feature_pull_request,closed__ansible__issue__docs_report,closed__ansible__issue__docs_pull_request,closed__ansible__issue__new_module_pull_request,closed__ansible__issue__new_plugin,closed__ansible__pullrequest__all,closed__ansible__pullrequest__bug_report,closed__ansible__pullrequest__bugfix_pull_request,closed__ansible__pullrequest__feature_idea,closed__ansible__pullrequest__feature_pull_request,closed__ansible__pullrequest__docs_report,closed__ansible__pullrequest__docs_pull_request,closed__ansible__pullrequest__new_module_pull_request,closed__ansible__pullrequest__new_plugin,closed_self__ansible__all__all,closed_self__ansible__all__bug_report,closed_self__ansible__all__bugfix_pull_request,closed_self__ansible__all__feature_idea,closed_self__ansible__all__feature_pull_request,closed_self__ansible__all__docs_report,closed_self__ansible__all__docs_pull_request,closed_self__ansible__all__new_module_pull_request,closed_self__ansible__all__new_plugin,closed_self__ansible__issue__all,closed_self__ansible__issue__bug_report,closed_self__ansible__issue__bugfix_pull_request,closed_self__ansible__issue__feature_idea,closed_self__ansible__issue__feature_pull_request,closed_self__ansible__issue__docs_report,closed_self__ansible__issue__docs_pull_request,closed_self__ansible__issue__new_module_pull_request,closed_self__ansible__issue__new_plugin,closed_self__ansible__pullrequest__all,closed_self__ansible__pullrequest__bug_report,closed_self__ansible__pullrequest__bugfix_pull_request,closed_self__ansible__pullrequest__feature_idea,closed_self__ansible__pullrequest__feature_pull_request,closed_self__ansible__pullrequest__docs_report,closed_self__ansible__pullrequest__docs_pull_request,closed_self__ansible__pullrequest__new_module_pull_request,closed_self__ansible__pullrequest__new_plugin,closed_admin__ansible__all__all,closed_admin__ansible__all__bug_report,closed_admin__ansible__all__bugfix_pull_request,closed_admin__ansible__all__feature_idea,closed_admin__ansible__all__feature_pull_request,closed_admin__ansible__all__docs_report,closed_admin__ansible__all__docs_pull_request,closed_admin__ansible__all__new_module_pull_request,closed_admin__ansible__all__new_plugin,closed_admin__ansible__issue__all,closed_admin__ansible__issue__bug_report,closed_admin__ansible__issue__bugfix_pull_request,closed_admin__ansible__issue__feature_idea,closed_admin__ansible__issue__feature_pull_request,closed_admin__ansible__issue__docs_report,closed_admin__ansible__issue__docs_pull_request,closed_admin__ansible__issue__new_module_pull_request,closed_admin__ansible__issue__new_plugin,closed_admin__ansible__pullrequest__all,closed_admin__ansible__pullrequest__bug_report,closed_admin__ansible__pullrequest__bugfix_pull_request,closed_admin__ansible__pullrequest__feature_idea,closed_admin__ansible__pullrequest__feature_pull_request,closed_admin__ansible__pullrequest__docs_report,closed_admin__ansible__pullrequest__docs_pull_request,closed_admin__ansible__pullrequest__new_module_pull_request,closed_admin__ansible__pullrequest__new_plugin,merged__ansible__all__all,merged__ansible__all__bug_report,merged__ansible__all__bugfix_pull_request,merged__ansible__all__feature_idea,merged__ansible__all__feature_pull_request,merged__ansible__all__docs_report,merged__ansible__all__docs_pull_request,merged__ansible__all__new_module_pull_request,merged__ansible__all__new_plugin,merged__ansible__issue__all,merged__ansible__issue__bug_report,merged__ansible__issue__bugfix_pull_request,merged__ansible__issue__feature_idea,merged__ansible__issue__feature_pull_request,merged__ansible__issue__docs_report,merged__ansible__issue__docs_pull_request,merged__ansible__issue__new_module_pull_request,merged__ansible__issue__new_plugin,merged__ansible__pullrequest__all,merged__ansible__pullrequest__bug_report,merged__ansible__pullrequest__bugfix_pull_request,merged__ansible__pullrequest__feature_idea,merged__ansible__pullrequest__feature_pull_request,merged__ansible__pullrequest__docs_report,merged__ansible__pullrequest__docs_pull_request,merged__ansible__pullrequest__new_module_pull_request,merged__ansible__pullrequest__new_plugin,opened__ansible-modules-core__all__all,opened__ansible-modules-core__all__bug_report,opened__ansible-modules-core__all__bugfix_pull_request,opened__ansible-modules-core__all__feature_idea,opened__ansible-modules-core__all__feature_pull_request,opened__ansible-modules-core__all__docs_report,opened__ansible-modules-core__all__docs_pull_request,opened__ansible-modules-core__all__new_module_pull_request,opened__ansible-modules-core__all__new_plugin,opened__ansible-modules-core__issue__all,opened__ansible-modules-core__issue__bug_report,opened__ansible-modules-core__issue__bugfix_pull_request,opened__ansible-modules-core__issue__feature_idea,opened__ansible-modules-core__issue__feature_pull_request,opened__ansible-modules-core__issue__docs_report,opened__ansible-modules-core__issue__docs_pull_request,opened__ansible-modules-core__issue__new_module_pull_request,opened__ansible-modules-core__issue__new_plugin,opened__ansible-modules-core__pullrequest__all,opened__ansible-modules-core__pullrequest__bug_report,opened__ansible-modules-core__pullrequest__bugfix_pull_request,opened__ansible-modules-core__pullrequest__feature_idea,opened__ansible-modules-core__pullrequest__feature_pull_request,opened__ansible-modules-core__pullrequest__docs_report,opened__ansible-modules-core__pullrequest__docs_pull_request,opened__ansible-modules-core__pullrequest__new_module_pull_request,opened__ansible-modules-core__pullrequest__new_plugin,closed__ansible-modules-core__all__all,closed__ansible-modules-core__all__bug_report,closed__ansible-modules-core__all__bugfix_pull_request,closed__ansible-modules-core__all__feature_idea,closed__ansible-modules-core__all__feature_pull_request,closed__ansible-modules-core__all__docs_report,closed__ansible-modules-core__all__docs_pull_request,closed__ansible-modules-core__all__new_module_pull_request,closed__ansible-modules-core__all__new_plugin,closed__ansible-modules-core__issue__all,closed__ansible-modules-core__issue__bug_report,closed__ansible-modules-core__issue__bugfix_pull_request,closed__ansible-modules-core__issue__feature_idea,closed__ansible-modules-core__issue__feature_pull_request,closed__ansible-modules-core__issue__docs_report,closed__ansible-modules-core__issue__docs_pull_request,closed__ansible-modules-core__issue__new_module_pull_request,closed__ansible-modules-core__issue__new_plugin,closed__ansible-modules-core__pullrequest__all,closed__ansible-modules-core__pullrequest__bug_report,closed__ansible-modules-core__pullrequest__bugfix_pull_request,closed__ansible-modules-core__pullrequest__feature_idea,closed__ansible-modules-core__pullrequest__feature_pull_request,closed__ansible-modules-core__pullrequest__docs_report,closed__ansible-modules-core__pullrequest__docs_pull_request,closed__ansible-modules-core__pullrequest__new_module_pull_request,closed__ansible-modules-core__pullrequest__new_plugin,closed_self__ansible-modules-core__all__all,closed_self__ansible-modules-core__all__bug_report,closed_self__ansible-modules-core__all__bugfix_pull_request,closed_self__ansible-modules-core__all__feature_idea,closed_self__ansible-modules-core__all__feature_pull_request,closed_self__ansible-modules-core__all__docs_report,closed_self__ansible-modules-core__all__docs_pull_request,closed_self__ansible-modules-core__all__new_module_pull_request,closed_self__ansible-modules-core__all__new_plugin,closed_self__ansible-modules-core__issue__all,closed_self__ansible-modules-core__issue__bug_report,closed_self__ansible-modules-core__issue__bugfix_pull_request,closed_self__ansible-modules-core__issue__feature_idea,closed_self__ansible-modules-core__issue__feature_pull_request,closed_self__ansible-modules-core__issue__docs_report,closed_self__ansible-modules-core__issue__docs_pull_request,closed_self__ansible-modules-core__issue__new_module_pull_request,closed_self__ansible-modules-core__issue__new_plugin,closed_self__ansible-modules-core__pullrequest__all,closed_self__ansible-modules-core__pullrequest__bug_report,closed_self__ansible-modules-core__pullrequest__bugfix_pull_request,closed_self__ansible-modules-core__pullrequest__feature_idea,closed_self__ansible-modules-core__pullrequest__feature_pull_request,closed_self__ansible-modules-core__pullrequest__docs_report,closed_self__ansible-modules-core__pullrequest__docs_pull_request,closed_self__ansible-modules-core__pullrequest__new_module_pull_request,closed_self__ansible-modules-core__pullrequest__new_plugin,closed_admin__ansible-modules-core__all__all,closed_admin__ansible-modules-core__all__bug_report,closed_admin__ansible-modules-core__all__bugfix_pull_request,closed_admin__ansible-modules-core__all__feature_idea,closed_admin__ansible-modules-core__all__feature_pull_request,closed_admin__ansible-modules-core__all__docs_report,closed_admin__ansible-modules-core__all__docs_pull_request,closed_admin__ansible-modules-core__all__new_module_pull_request,closed_admin__ansible-modules-core__all__new_plugin,closed_admin__ansible-modules-core__issue__all,closed_admin__ansible-modules-core__issue__bug_report,closed_admin__ansible-modules-core__issue__bugfix_pull_request,closed_admin__ansible-modules-core__issue__feature_idea,closed_admin__ansible-modules-core__issue__feature_pull_request,closed_admin__ansible-modules-core__issue__docs_report,closed_admin__ansible-modules-core__issue__docs_pull_request,closed_admin__ansible-modules-core__issue__new_module_pull_request,closed_admin__ansible-modules-core__issue__new_plugin,closed_admin__ansible-modules-core__pullrequest__all,closed_admin__ansible-modules-core__pullrequest__bug_report,closed_admin__ansible-modules-core__pullrequest__bugfix_pull_request,closed_admin__ansible-modules-core__pullrequest__feature_idea,closed_admin__ansible-modules-core__pullrequest__feature_pull_request,closed_admin__ansible-modules-core__pullrequest__docs_report,closed_admin__ansible-modules-core__pullrequest__docs_pull_request,closed_admin__ansible-modules-core__pullrequest__new_module_pull_request,closed_admin__ansible-modules-core__pullrequest__new_plugin,merged__ansible-modules-core__all__all,merged__ansible-modules-core__all__bug_report,merged__ansible-modules-core__all__bugfix_pull_request,merged__ansible-modules-core__all__feature_idea,merged__ansible-modules-core__all__feature_pull_request,merged__ansible-modules-core__all__docs_report,merged__ansible-modules-core__all__docs_pull_request,merged__ansible-modules-core__all__new_module_pull_request,merged__ansible-modules-core__all__new_plugin,merged__ansible-modules-core__issue__all,merged__ansible-modules-core__issue__bug_report,merged__ansible-modules-core__issue__bugfix_pull_request,merged__ansible-modules-core__issue__feature_idea,merged__ansible-modules-core__issue__feature_pull_request,merged__ansible-modules-core__issue__docs_report,merged__ansible-modules-core__issue__docs_pull_request,merged__ansible-modules-core__issue__new_module_pull_request,merged__ansible-modules-core__issue__new_plugin,merged__ansible-modules-core__pullrequest__all,merged__ansible-modules-core__pullrequest__bug_report,merged__ansible-modules-core__pullrequest__bugfix_pull_request,merged__ansible-modules-core__pullrequest__feature_idea,merged__ansible-modules-core__pullrequest__feature_pull_request,merged__ansible-modules-core__pullrequest__docs_report,merged__ansible-modules-core__pullrequest__docs_pull_request,merged__ansible-modules-core__pullrequest__new_module_pull_request,merged__ansible-modules-core__pullrequest__new_plugin,opened__ansible-modules-extras__all__all,opened__ansible-modules-extras__all__bug_report,opened__ansible-modules-extras__all__bugfix_pull_request,opened__ansible-modules-extras__all__feature_idea,opened__ansible-modules-extras__all__feature_pull_request,opened__ansible-modules-extras__all__docs_report,opened__ansible-modules-extras__all__docs_pull_request,opened__ansible-modules-extras__all__new_module_pull_request,opened__ansible-modules-extras__all__new_plugin,opened__ansible-modules-extras__issue__all,opened__ansible-modules-extras__issue__bug_report,opened__ansible-modules-extras__issue__bugfix_pull_request,opened__ansible-modules-extras__issue__feature_idea,opened__ansible-modules-extras__issue__feature_pull_request,opened__ansible-modules-extras__issue__docs_report,opened__ansible-modules-extras__issue__docs_pull_request,opened__ansible-modules-extras__issue__new_module_pull_request,opened__ansible-modules-extras__issue__new_plugin,opened__ansible-modules-extras__pullrequest__all,opened__ansible-modules-extras__pullrequest__bug_report,opened__ansible-modules-extras__pullrequest__bugfix_pull_request,opened__ansible-modules-extras__pullrequest__feature_idea,opened__ansible-modules-extras__pullrequest__feature_pull_request,opened__ansible-modules-extras__pullrequest__docs_report,opened__ansible-modules-extras__pullrequest__docs_pull_request,opened__ansible-modules-extras__pullrequest__new_module_pull_request,opened__ansible-modules-extras__pullrequest__new_plugin,closed__ansible-modules-extras__all__all,closed__ansible-modules-extras__all__bug_report,closed__ansible-modules-extras__all__bugfix_pull_request,closed__ansible-modules-extras__all__feature_idea,closed__ansible-modules-extras__all__feature_pull_request,closed__ansible-modules-extras__all__docs_report,closed__ansible-modules-extras__all__docs_pull_request,closed__ansible-modules-extras__all__new_module_pull_request,closed__ansible-modules-extras__all__new_plugin,closed__ansible-modules-extras__issue__all,closed__ansible-modules-extras__issue__bug_report,closed__ansible-modules-extras__issue__bugfix_pull_request,closed__ansible-modules-extras__issue__feature_idea,closed__ansible-modules-extras__issue__feature_pull_request,closed__ansible-modules-extras__issue__docs_report,closed__ansible-modules-extras__issue__docs_pull_request,closed__ansible-modules-extras__issue__new_module_pull_request,closed__ansible-modules-extras__issue__new_plugin,closed__ansible-modules-extras__pullrequest__all,closed__ansible-modules-extras__pullrequest__bug_report,closed__ansible-modules-extras__pullrequest__bugfix_pull_request,closed__ansible-modules-extras__pullrequest__feature_idea,closed__ansible-modules-extras__pullrequest__feature_pull_request,closed__ansible-modules-extras__pullrequest__docs_report,closed__ansible-modules-extras__pullrequest__docs_pull_request,closed__ansible-modules-extras__pullrequest__new_module_pull_request,closed__ansible-modules-extras__pullrequest__new_plugin,closed_self__ansible-modules-extras__all__all,closed_self__ansible-modules-extras__all__bug_report,closed_self__ansible-modules-extras__all__bugfix_pull_request,closed_self__ansible-modules-extras__all__feature_idea,closed_self__ansible-modules-extras__all__feature_pull_request,closed_self__ansible-modules-extras__all__docs_report,closed_self__ansible-modules-extras__all__docs_pull_request,closed_self__ansible-modules-extras__all__new_module_pull_request,closed_self__ansible-modules-extras__all__new_plugin,closed_self__ansible-modules-extras__issue__all,closed_self__ansible-modules-extras__issue__bug_report,closed_self__ansible-modules-extras__issue__bugfix_pull_request,closed_self__ansible-modules-extras__issue__feature_idea,closed_self__ansible-modules-extras__issue__feature_pull_request,closed_self__ansible-modules-extras__issue__docs_report,closed_self__ansible-modules-extras__issue__docs_pull_request,closed_self__ansible-modules-extras__issue__new_module_pull_request,closed_self__ansible-modules-extras__issue__new_plugin,closed_self__ansible-modules-extras__pullrequest__all,closed_self__ansible-modules-extras__pullrequest__bug_report,closed_self__ansible-modules-extras__pullrequest__bugfix_pull_request,closed_self__ansible-modules-extras__pullrequest__feature_idea,closed_self__ansible-modules-extras__pullrequest__feature_pull_request,closed_self__ansible-modules-extras__pullrequest__docs_report,closed_self__ansible-modules-extras__pullrequest__docs_pull_request,closed_self__ansible-modules-extras__pullrequest__new_module_pull_request,closed_self__ansible-modules-extras__pullrequest__new_plugin,closed_admin__ansible-modules-extras__all__all,closed_admin__ansible-modules-extras__all__bug_report,closed_admin__ansible-modules-extras__all__bugfix_pull_request,closed_admin__ansible-modules-extras__all__feature_idea,closed_admin__ansible-modules-extras__all__feature_pull_request,closed_admin__ansible-modules-extras__all__docs_report,closed_admin__ansible-modules-extras__all__docs_pull_request,closed_admin__ansible-modules-extras__all__new_module_pull_request,closed_admin__ansible-modules-extras__all__new_plugin,closed_admin__ansible-modules-extras__issue__all,closed_admin__ansible-modules-extras__issue__bug_report,closed_admin__ansible-modules-extras__issue__bugfix_pull_request,closed_admin__ansible-modules-extras__issue__feature_idea,closed_admin__ansible-modules-extras__issue__feature_pull_request,closed_admin__ansible-modules-extras__issue__docs_report,closed_admin__ansible-modules-extras__issue__docs_pull_request,closed_admin__ansible-modules-extras__issue__new_module_pull_request,closed_admin__ansible-modules-extras__issue__new_plugin,closed_admin__ansible-modules-extras__pullrequest__all,closed_admin__ansible-modules-extras__pullrequest__bug_report,closed_admin__ansible-modules-extras__pullrequest__bugfix_pull_request,closed_admin__ansible-modules-extras__pullrequest__feature_idea,closed_admin__ansible-modules-extras__pullrequest__feature_pull_request,closed_admin__ansible-modules-extras__pullrequest__docs_report,closed_admin__ansible-modules-extras__pullrequest__docs_pull_request,closed_admin__ansible-modules-extras__pullrequest__new_module_pull_request,closed_admin__ansible-modules-extras__pullrequest__new_plugin,merged__ansible-modules-extras__all__all,merged__ansible-modules-extras__all__bug_report,merged__ansible-modules-extras__all__bugfix_pull_request,merged__ansible-modules-extras__all__feature_idea,merged__ansible-modules-extras__all__feature_pull_request,merged__ansible-modules-extras__all__docs_report,merged__ansible-modules-extras__all__docs_pull_request,merged__ansible-modules-extras__all__new_module_pull_request,merged__ansible-modules-extras__all__new_plugin,merged__ansible-modules-extras__issue__all,merged__ansible-modules-extras__issue__bug_report,merged__ansible-modules-extras__issue__bugfix_pull_request,merged__ansible-modules-extras__issue__feature_idea,merged__ansible-modules-extras__issue__feature_pull_request,merged__ansible-modules-extras__issue__docs_report,merged__ansible-modules-extras__issue__docs_pull_request,merged__ansible-modules-extras__issue__new_module_pull_request,merged__ansible-modules-extras__issue__new_plugin,merged__ansible-modules-extras__pullrequest__all,merged__ansible-modules-extras__pullrequest__bug_report,merged__ansible-modules-extras__pullrequest__bugfix_pull_request,merged__ansible-modules-extras__pullrequest__feature_idea,merged__ansible-modules-extras__pullrequest__feature_pull_request,merged__ansible-modules-extras__pullrequest__docs_report,merged__ansible-modules-extras__pullrequest__docs_pull_request,merged__ansible-modules-extras__pullrequest__new_module_pull_request,merged__ansible-modules-extras__pullrequest__new_plugin
2012-03-31,99,74,17,8,0,0,0,0,0,82,74,0,8,0,0,0,0,0,17,0,17,0,0,0,0,0,0,89,64,17,8,0,0,0,0,0,72,64,0,8,0,0,0,0,0,17,0,17,0,0,0,0,0,0,2,2,0,0,0,0,0,0,0,2,2,0,0,0,0,0,0,0,0,0,0,0,0,0,0,0,0,87,62,17,8,0,0,0,0,0,70,62,0,8,0,0,0,0,0,17,0,17,0,0,0,0,0,0,12,0,12,0,0,0,0,0,0,0,0,0,0,0,0,0,0,0,12,0,12,0,0,0,0,0,0,99,74,17,8,0,0,0,0,0,82,74,0,8,0,0,0,0,0,17,0,17,0,0,0,0,0,0,89,64,17,8,0,0,0,0,0,72,64,0,8,0,0,0,0,0,17,0,17,0,0,0,0,0,0,2,2,0,0,0,0,0,0,0,2,2,0,0,0,0,0,0,0,0,0,0,0,0,0,0,0,0,87,62,17,8,0,0,0,0,0,70,62,0,8,0,0,0,0,0,17,0,17,0,0,0,0,0,0,12,0,12,0,0,0,0,0,0,0,0,0,0,0,0,0,0,0,12,0,12,0,0,0,0,0,0,0,0,0,0,0,0,0,0,0,0,0,0,0,0,0,0,0,0,0,0,0,0,0,0,0,0,0,0,0,0,0,0,0,0,0,0,0,0,0,0,0,0,0,0,0,0,0,0,0,0,0,0,0,0,0,0,0,0,0,0,0,0,0,0,0,0,0,0,0,0,0,0,0,0,0,0,0,0,0,0,0,0,0,0,0,0,0,0,0,0,0,0,0,0,0,0,0,0,0,0,0,0,0,0,0,0,0,0,0,0,0,0,0,0,0,0,0,0,0,0,0,0,0,0,0,0,0,0,0,0,0,0,0,0,0,0,0,0,0,0,0,0,0,0,0,0,0,0,0,0,0,0,0,0,0,0,0,0,0,0,0,0,0,0,0,0,0,0,0,0,0,0,0,0,0,0,0,0,0,0,0,0,0,0,0,0,0,0,0,0,0,0,0,0,0,0,0,0,0,0,0,0,0,0,0,0,0,0,0,0,0,0,0,0,0,0,0,0,0,0,0,0,0,0,0,0,0,0,0,0,0,0,0,0,0,0,0,0,0,0,0,0,0,0,0,0,0,0,0,0,0,0,0,0,0,0,0,0,0,0,0,0,0,0,0,0,0,0,0,0
2012-04-30,181,89,85,0,2,0,0,0,0,90,89,0,0,0,0,0,0,0,91,0,85,0,2,0,0,0,0,161,72,83,0,2,0,0,0,0,73,72,0,0,0,0,0,0,0,88,0,83,0,2,0,0,0,0,0,0,0,0,0,0,0,0,0,0,0,0,0,0,0,0,0,0,0,0,0,0,0,0,0,0,0,161,72,83,0,2,0,0,0,0,73,72,0,0,0,0,0,0,0,88,0,83,0,2,0,0,0,0,62,0,60,0,1,0,0,0,0,0,0,0,0,0,0,0,0,0,62,0,60,0,1,0,0,0,0,181,89,85,0,2,0,0,0,0,90,89,0,0,0,0,0,0,0,91,0,85,0,2,0,0,0,0,161,72,83,0,2,0,0,0,0,73,72,0,0,0,0,0,0,0,88,0,83,0,2,0,0,0,0,0,0,0,0,0,0,0,0,0,0,0,0,0,0,0,0,0,0,0,0,0,0,0,0,0,0,0,161,72,83,0,2,0,0,0,0,73,72,0,0,0,0,0,0,0,88,0,83,0,2,0,0,0,0,62,0,60,0,1,0,0,0,0,0,0,0,0,0,0,0,0,0,62,0,60,0,1,0,0,0,0,0,0,0,0,0,0,0,0,0,0,0,0,0,0,0,0,0,0,0,0,0,0,0,0,0,0,0,0,0,0,0,0,0,0,0,0,0,0,0,0,0,0,0,0,0,0,0,0,0,0,0,0,0,0,0,0,0,0,0,0,0,0,0,0,0,0,0,0,0,0,0,0,0,0,0,0,0,0,0,0,0,0,0,0,0,0,0,0,0,0,0,0,0,0,0,0,0,0,0,0,0,0,0,0,0,0,0,0,0,0,0,0,0,0,0,0,0,0,0,0,0,0,0,0,0,0,0,0,0,0,0,0,0,0,0,0,0,0,0,0,0,0,0,0,0,0,0,0,0,0,0,0,0,0,0,0,0,0,0,0,0,0,0,0,0,0,0,0,0,0,0,0,0,0,0,0,0,0,0,0,0,0,0,0,0,0,0,0,0,0,0,0,0,0,0,0,0,0,0,0,0,0,0,0,0,0,0,0,0,0,0,0,0,0,0,0,0,0,0,0,0,0,0,0,0,0,0,0,0,0,0,0,0,0,0,0,0,0,0,0,0,0,0,0,0,0,0,0,0,0,0,0,0,0,0,0,0,0,0,0,0,0,0,0,0,0,0,0,0,0
2012-05-31,161,68,86,4,2,0,0,0,0,72,68,0,4,0,0,0,0,0,89,0,86,0,2,0,0,0,0,161,72,83,2,2,0,0,0,0,74,72,0,2,0,0,0,0,0,87,0,83,0,2,0,0,0,0,0,0,0,0,0,0,0,0,0,0,0,0,0,0,0,0,0,0,0,0,0,0,0,0,0,0,0,161,72,83,2,2,0,0,0,0,74,72,0,2,0,0,0,0,0,87,0,83,0,2,0,0,0,0,57,0,54,0,2,0,0,0,0,0,0,0,0,0,0,0,0,0,57,0,54,0,2,0,0,0,0,161,68,86,4,2,0,0,0,0,72,68,0,4,0,0,0,0,0,89,0,86,0,2,0,0,0,0,161,72,83,2,2,0,0,0,0,74,72,0,2,0,0,0,0,0,87,0,83,0,2,0,0,0,0,0,0,0,0,0,0,0,0,0,0,0,0,0,0,0,0,0,0,0,0,0,0,0,0,0,0,0,161,72,83,2,2,0,0,0,0,74,72,0,2,0,0,0,0,0,87,0,83,0,2,0,0,0,0,57,0,54,0,2,0,0,0,0,0,0,0,0,0,0,0,0,0,57,0,54,0,2,0,0,0,0,0,0,0,0,0,0,0,0,0,0,0,0,0,0,0,0,0,0,0,0,0,0,0,0,0,0,0,0,0,0,0,0,0,0,0,0,0,0,0,0,0,0,0,0,0,0,0,0,0,0,0,0,0,0,0,0,0,0,0,0,0,0,0,0,0,0,0,0,0,0,0,0,0,0,0,0,0,0,0,0,0,0,0,0,0,0,0,0,0,0,0,0,0,0,0,0,0,0,0,0,0,0,0,0,0,0,0,0,0,0,0,0,0,0,0,0,0,0,0,0,0,0,0,0,0,0,0,0,0,0,0,0,0,0,0,0,0,0,0,0,0,0,0,0,0,0,0,0,0,0,0,0,0,0,0,0,0,0,0,0,0,0,0,0,0,0,0,0,0,0,0,0,0,0,0,0,0,0,0,0,0,0,0,0,0,0,0,0,0,0,0,0,0,0,0,0,0,0,0,0,0,0,0,0,0,0,0,0,0,0,0,0,0,0,0,0,0,0,0,0,0,0,0,0,0,0,0,0,0,0,0,0,0,0,0,0,0,0,0,0,0,0,0,0,0,0,0,0,0,0,0,0,0,0,0,0,0,0,0,0,0,0,0,0,0,0,0,0,0,0
2012-06-30,76,21,52,1,1,0,0,0,0,22,21,0,1,0,0,0,0,0,54,0,52,0,1,0,0,0,0,101,40,56,3,1,0,0,0,0,43,40,0,3,0,0,0,0,0,58,0,56,0,1,0,0,0,0,0,0,0,0,0,0,0,0,0,0,0,0,0,0,0,0,0,0,0,0,0,0,0,0,0,0,0,101,40,56,3,1,0,0,0,0,43,40,0,3,0,0,0,0,0,58,0,56,0,1,0,0,0,0,45,0,43,0,1,0,0,0,0,0,0,0,0,0,0,0,0,0,45,0,43,0,1,0,0,0,0,76,21,52,1,1,0,0,0,0,22,21,0,1,0,0,0,0,0,54,0,52,0,1,0,0,0,0,101,40,56,3,1,0,0,0,0,43,40,0,3,0,0,0,0,0,58,0,56,0,1,0,0,0,0,0,0,0,0,0,0,0,0,0,0,0,0,0,0,0,0,0,0,0,0,0,0,0,0,0,0,0,101,40,56,3,1,0,0,0,0,43,40,0,3,0,0,0,0,0,58,0,56,0,1,0,0,0,0,45,0,43,0,1,0,0,0,0,0,0,0,0,0,0,0,0,0,45,0,43,0,1,0,0,0,0,0,0,0,0,0,0,0,0,0,0,0,0,0,0,0,0,0,0,0,0,0,0,0,0,0,0,0,0,0,0,0,0,0,0,0,0,0,0,0,0,0,0,0,0,0,0,0,0,0,0,0,0,0,0,0,0,0,0,0,0,0,0,0,0,0,0,0,0,0,0,0,0,0,0,0,0,0,0,0,0,0,0,0,0,0,0,0,0,0,0,0,0,0,0,0,0,0,0,0,0,0,0,0,0,0,0,0,0,0,0,0,0,0,0,0,0,0,0,0,0,0,0,0,0,0,0,0,0,0,0,0,0,0,0,0,0,0,0,0,0,0,0,0,0,0,0,0,0,0,0,0,0,0,0,0,0,0,0,0,0,0,0,0,0,0,0,0,0,0,0,0,0,0,0,0,0,0,0,0,0,0,0,0,0,0,0,0,0,0,0,0,0,0,0,0,0,0,0,0,0,0,0,0,0,0,0,0,0,0,0,0,0,0,0,0,0,0,0,0,0,0,0,0,0,0,0,0,0,0,0,0,0,0,0,0,0,0,0,0,0,0,0,0,0,0,0,0,0,0,0,0,0,0,0,0,0,0,0,0,0,0,0,0,0,0,0,0,0,0,0
2012-07-31,224,90,126,0,4,0,0,0,0,91,90,0,0,0,0,0,0,0,133,0,126,0,4,0,0,0,0,212,78,126,0,4,0,0,0,0,79,78,0,0,0,0,0,0,0,133,0,126,0,4,0,0,0,0,0,0,0,0,0,0,0,0,0,0,0,0,0,0,0,0,0,0,0,0,0,0,0,0,0,0,0,212,78,126,0,4,0,0,0,0,79,78,0,0,0,0,0,0,0,133,0,126,0,4,0,0,0,0,91,0,88,0,1,0,0,0,0,0,0,0,0,0,0,0,0,0,91,0,88,0,1,0,0,0,0,224,90,126,0,4,0,0,0,0,91,90,0,0,0,0,0,0,0,133,0,126,0,4,0,0,0,0,212,78,126,0,4,0,0,0,0,79,78,0,0,0,0,0,0,0,133,0,126,0,4,0,0,0,0,0,0,0,0,0,0,0,0,0,0,0,0,0,0,0,0,0,0,0,0,0,0,0,0,0,0,0,212,78,126,0,4,0,0,0,0,79,78,0,0,0,0,0,0,0,133,0,126,0,4,0,0,0,0,91,0,88,0,1,0,0,0,0,0,0,0,0,0,0,0,0,0,91,0,88,0,1,0,0,0,0,0,0,0,0,0,0,0,0,0,0,0,0,0,0,0,0,0,0,0,0,0,0,0,0,0,0,0,0,0,0,0,0,0,0,0,0,0,0,0,0,0,0,0,0,0,0,0,0,0,0,0,0,0,0,0,0,0,0,0,0,0,0,0,0,0,0,0,0,0,0,0,0,0,0,0,0,0,0,0,0,0,0,0,0,0,0,0,0,0,0,0,0,0,0,0,0,0,0,0,0,0,0,0,0,0,0,0,0,0,0,0,0,0,0,0,0,0,0,0,0,0,0,0,0,0,0,0,0,0,0,0,0,0,0,0,0,0,0,0,0,0,0,0,0,0,0,0,0,0,0,0,0,0,0,0,0,0,0,0,0,0,0,0,0,0,0,0,0,0,0,0,0,0,0,0,0,0,0,0,0,0,0,0,0,0,0,0,0,0,0,0,0,0,0,0,0,0,0,0,0,0,0,0,0,0,0,0,0,0,0,0,0,0,0,0,0,0,0,0,0,0,0,0,0,0,0,0,0,0,0,0,0,0,0,0,0,0,0,0,0,0,0,0,0,0,0,0,0,0,0,0,0,0,0,0,0,0,0,0,0,0,0,0,0,0,0,0,0,0,0
2012-08-31,243,92,134,1,9,0,0,0,0,97,92,0,1,0,0,0,0,0,146,0,134,0,9,0,0,0,0,251,100,135,1,9,0,0,0,0,105,100,0,1,0,0,0,0,0,146,0,135,0,9,0,0,0,0,0,0,0,0,0,0,0,0,0,0,0,0,0,0,0,0,0,0,0,0,0,0,0,0,0,0,0,251,100,135,1,9,0,0,0,0,105,100,0,1,0,0,0,0,0,146,0,135,0,9,0,0,0,0,106,0,98,0,7,0,0,0,0,0,0,0,0,0,0,0,0,0,106,0,98,0,7,0,0,0,0,243,92,134,1,9,0,0,0,0,97,92,0,1,0,0,0,0,0,146,0,134,0,9,0,0,0,0,251,100,135,1,9,0,0,0,0,105,100,0,1,0,0,0,0,0,146,0,135,0,9,0,0,0,0,0,0,0,0,0,0,0,0,0,0,0,0,0,0,0,0,0,0,0,0,0,0,0,0,0,0,0,251,100,135,1,9,0,0,0,0,105,100,0,1,0,0,0,0,0,146,0,135,0,9,0,0,0,0,106,0,98,0,7,0,0,0,0,0,0,0,0,0,0,0,0,0,106,0,98,0,7,0,0,0,0,0,0,0,0,0,0,0,0,0,0,0,0,0,0,0,0,0,0,0,0,0,0,0,0,0,0,0,0,0,0,0,0,0,0,0,0,0,0,0,0,0,0,0,0,0,0,0,0,0,0,0,0,0,0,0,0,0,0,0,0,0,0,0,0,0,0,0,0,0,0,0,0,0,0,0,0,0,0,0,0,0,0,0,0,0,0,0,0,0,0,0,0,0,0,0,0,0,0,0,0,0,0,0,0,0,0,0,0,0,0,0,0,0,0,0,0,0,0,0,0,0,0,0,0,0,0,0,0,0,0,0,0,0,0,0,0,0,0,0,0,0,0,0,0,0,0,0,0,0,0,0,0,0,0,0,0,0,0,0,0,0,0,0,0,0,0,0,0,0,0,0,0,0,0,0,0,0,0,0,0,0,0,0,0,0,0,0,0,0,0,0,0,0,0,0,0,0,0,0,0,0,0,0,0,0,0,0,0,0,0,0,0,0,0,0,0,0,0,0,0,0,0,0,0,0,0,0,0,0,0,0,0,0,0,0,0,0,0,0,0,0,0,0,0,0,0,0,0,0,0,0,0,0,0,0,0,0,0,0,0,0,0,0,0,0,0,0,0,0,0
2012-09-30,185,50,122,1,7,0,0,0,0,53,50,0,1,0,0,0,0,0,132,0,122,0,7,0,0,0,0,167,37,118,1,6,0,0,0,0,39,37,0,1,0,0,0,0,0,128,0,118,0,6,0,0,0,0,0,0,0,0,0,0,0,0,0,0,0,0,0,0,0,0,0,0,0,0,0,0,0,0,0,0,0,167,37,118,1,6,0,0,0,0,39,37,0,1,0,0,0,0,0,128,0,118,0,6,0,0,0,0,101,0,94,0,6,0,0,0,0,0,0,0,0,0,0,0,0,0,101,0,94,0,6,0,0,0,0,185,50,122,1,7,0,0,0,0,53,50,0,1,0,0,0,0,0,132,0,122,0,7,0,0,0,0,167,37,118,1,6,0,0,0,0,39,37,0,1,0,0,0,0,0,128,0,118,0,6,0,0,0,0,0,0,0,0,0,0,0,0,0,0,0,0,0,0,0,0,0,0,0,0,0,0,0,0,0,0,0,167,37,118,1,6,0,0,0,0,39,37,0,1,0,0,0,0,0,128,0,118,0,6,0,0,0,0,101,0,94,0,6,0,0,0,0,0,0,0,0,0,0,0,0,0,101,0,94,0,6,0,0,0,0,0,0,0,0,0,0,0,0,0,0,0,0,0,0,0,0,0,0,0,0,0,0,0,0,0,0,0,0,0,0,0,0,0,0,0,0,0,0,0,0,0,0,0,0,0,0,0,0,0,0,0,0,0,0,0,0,0,0,0,0,0,0,0,0,0,0,0,0,0,0,0,0,0,0,0,0,0,0,0,0,0,0,0,0,0,0,0,0,0,0,0,0,0,0,0,0,0,0,0,0,0,0,0,0,0,0,0,0,0,0,0,0,0,0,0,0,0,0,0,0,0,0,0,0,0,0,0,0,0,0,0,0,0,0,0,0,0,0,0,0,0,0,0,0,0,0,0,0,0,0,0,0,0,0,0,0,0,0,0,0,0,0,0,0,0,0,0,0,0,0,0,0,0,0,0,0,0,0,0,0,0,0,0,0,0,0,0,0,0,0,0,0,0,0,0,0,0,0,0,0,0,0,0,0,0,0,0,0,0,0,0,0,0,0,0,0,0,0,0,0,0,0,0,0,0,0,0,0,0,0,0,0,0,0,0,0,0,0,0,0,0,0,0,0,0,0,0,0,0,0,0,0,0,0,0,0,0,0,0,0,0,0,0,0,0,0,0,0,0,0
2012-10-31,334,130,180,3,16,0,0,0,0,134,130,0,3,0,0,0,0,0,200,0,180,0,16,0,0,0,0,324,124,177,1,17,0,0,0,0,126,124,0,1,0,0,0,0,0,198,0,177,0,17,0,0,0,0,0,0,0,0,0,0,0,0,0,0,0,0,0,0,0,0,0,0,0,0,0,0,0,0,0,0,0,324,124,177,1,17,0,0,0,0,126,124,0,1,0,0,0,0,0,198,0,177,0,17,0,0,0,0,151,0,136,0,13,0,0,0,0,0,0,0,0,0,0,0,0,0,151,0,136,0,13,0,0,0,0,334,130,180,3,16,0,0,0,0,134,130,0,3,0,0,0,0,0,200,0,180,0,16,0,0,0,0,324,124,177,1,17,0,0,0,0,126,124,0,1,0,0,0,0,0,198,0,177,0,17,0,0,0,0,0,0,0,0,0,0,0,0,0,0,0,0,0,0,0,0,0,0,0,0,0,0,0,0,0,0,0,324,124,177,1,17,0,0,0,0,126,124,0,1,0,0,0,0,0,198,0,177,0,17,0,0,0,0,151,0,136,0,13,0,0,0,0,0,0,0,0,0,0,0,0,0,151,0,136,0,13,0,0,0,0,0,0,0,0,0,0,0,0,0,0,0,0,0,0,0,0,0,0,0,0,0,0,0,0,0,0,0,0,0,0,0,0,0,0,0,0,0,0,0,0,0,0,0,0,0,0,0,0,0,0,0,0,0,0,0,0,0,0,0,0,0,0,0,0,0,0,0,0,0,0,0,0,0,0,0,0,0,0,0,0,0,0,0,0,0,0,0,0,0,0,0,0,0,0,0,0,0,0,0,0,0,0,0,0,0,0,0,0,0,0,0,0,0,0,0,0,0,0,0,0,0,0,0,0,0,0,0,0,0,0,0,0,0,0,0,0,0,0,0,0,0,0,0,0,0,0,0,0,0,0,0,0,0,0,0,0,0,0,0,0,0,0,0,0,0,0,0,0,0,0,0,0,0,0,0,0,0,0,0,0,0,0,0,0,0,0,0,0,0,0,0,0,0,0,0,0,0,0,0,0,0,0,0,0,0,0,0,0,0,0,0,0,0,0,0,0,0,0,0,0,0,0,0,0,0,0,0,0,0,0,0,0,0,0,0,0,0,0,0,0,0,0,0,0,0,0,0,0,0,0,0,0,0,0,0,0,0,0,0,0,0,0,0,0,0,0,0,0,0,0
2012-11-30,205,64,131,2,7,0,0,0,0,67,64,0,2,0,0,0,0,0,138,0,131,0,7,0,0,0,0,214,76,130,1,6,0,0,0,0,78,76,0,1,0,0,0,0,0,136,0,130,0,6,0,0,0,0,0,0,0,0,0,0,0,0,0,0,0,0,0,0,0,0,0,0,0,0,0,0,0,0,0,0,0,214,76,130,1,6,0,0,0,0,78,76,0,1,0,0,0,0,0,136,0,130,0,6,0,0,0,0,105,0,102,0,3,0,0,0,0,0,0,0,0,0,0,0,0,0,105,0,102,0,3,0,0,0,0,205,64,131,2,7,0,0,0,0,67,64,0,2,0,0,0,0,0,138,0,131,0,7,0,0,0,0,214,76,130,1,6,0,0,0,0,78,76,0,1,0,0,0,0,0,136,0,130,0,6,0,0,0,0,0,0,0,0,0,0,0,0,0,0,0,0,0,0,0,0,0,0,0,0,0,0,0,0,0,0,0,214,76,130,1,6,0,0,0,0,78,76,0,1,0,0,0,0,0,136,0,130,0,6,0,0,0,0,105,0,102,0,3,0,0,0,0,0,0,0,0,0,0,0,0,0,105,0,102,0,3,0,0,0,0,0,0,0,0,0,0,0,0,0,0,0,0,0,0,0,0,0,0,0,0,0,0,0,0,0,0,0,0,0,0,0,0,0,0,0,0,0,0,0,0,0,0,0,0,0,0,0,0,0,0,0,0,0,0,0,0,0,0,0,0,0,0,0,0,0,0,0,0,0,0,0,0,0,0,0,0,0,0,0,0,0,0,0,0,0,0,0,0,0,0,0,0,0,0,0,0,0,0,0,0,0,0,0,0,0,0,0,0,0,0,0,0,0,0,0,0,0,0,0,0,0,0,0,0,0,0,0,0,0,0,0,0,0,0,0,0,0,0,0,0,0,0,0,0,0,0,0,0,0,0,0,0,0,0,0,0,0,0,0,0,0,0,0,0,0,0,0,0,0,0,0,0,0,0,0,0,0,0,0,0,0,0,0,0,0,0,0,0,0,0,0,0,0,0,0,0,0,0,0,0,0,0,0,0,0,0,0,0,0,0,0,0,0,0,0,0,0,0,0,0,0,0,0,0,0,0,0,0,0,0,0,0,0,0,0,0,0,0,0,0,0,0,0,0,0,0,0,0,0,0,0,0,0,0,0,0,0,0,0,0,0,0,0,0,0,0,0,0,0,0
2012-12-31,102,33,61,5,2,0,0,0,0,39,33,0,5,0,0,0,0,0,63,0,61,0,2,0,0,0,0,101,31,61,5,3,0,0,0,0,37,31,0,5,0,0,0,0,0,64,0,61,0,3,0,0,0,0,0,0,0,0,0,0,0,0,0,0,0,0,0,0,0,0,0,0,0,0,0,0,0,0,0,0,0,101,31,61,5,3,0,0,0,0,37,31,0,5,0,0,0,0,0,64,0,61,0,3,0,0,0,0,47,0,46,0,1,0,0,0,0,0,0,0,0,0,0,0,0,0,47,0,46,0,1,0,0,0,0,102,33,61,5,2,0,0,0,0,39,33,0,5,0,0,0,0,0,63,0,61,0,2,0,0,0,0,101,31,61,5,3,0,0,0,0,37,31,0,5,0,0,0,0,0,64,0,61,0,3,0,0,0,0,0,0,0,0,0,0,0,0,0,0,0,0,0,0,0,0,0,0,0,0,0,0,0,0,0,0,0,101,31,61,5,3,0,0,0,0,37,31,0,5,0,0,0,0,0,64,0,61,0,3,0,0,0,0,47,0,46,0,1,0,0,0,0,0,0,0,0,0,0,0,0,0,47,0,46,0,1,0,0,0,0,0,0,0,0,0,0,0,0,0,0,0,0,0,0,0,0,0,0,0,0,0,0,0,0,0,0,0,0,0,0,0,0,0,0,0,0,0,0,0,0,0,0,0,0,0,0,0,0,0,0,0,0,0,0,0,0,0,0,0,0,0,0,0,0,0,0,0,0,0,0,0,0,0,0,0,0,0,0,0,0,0,0,0,0,0,0,0,0,0,0,0,0,0,0,0,0,0,0,0,0,0,0,0,0,0,0,0,0,0,0,0,0,0,0,0,0,0,0,0,0,0,0,0,0,0,0,0,0,0,0,0,0,0,0,0,0,0,0,0,0,0,0,0,0,0,0,0,0,0,0,0,0,0,0,0,0,0,0,0,0,0,0,0,0,0,0,0,0,0,0,0,0,0,0,0,0,0,0,0,0,0,0,0,0,0,0,0,0,0,0,0,0,0,0,0,0,0,0,0,0,0,0,0,0,0,0,0,0,0,0,0,0,0,0,0,0,0,0,0,0,0,0,0,0,0,0,0,0,0,0,0,0,0,0,0,0,0,0,0,0,0,0,0,0,0,0,0,0,0,0,0,0,0,0,0,0,0,0,0,0,0,0,0,0,0,0,0,0,0,0
2013-01-31,143,49,81,2,6,0,0,0,0,52,49,0,2,0,0,0,0,0,91,0,81,0,6,0,0,0,0,124,32,81,1,5,0,0,0,0,34,32,0,1,0,0,0,0,0,90,0,81,0,5,0,0,0,0,0,0,0,0,0,0,0,0,0,0,0,0,0,0,0,0,0,0,0,0,0,0,0,0,0,0,0,124,32,81,1,5,0,0,0,0,34,32,0,1,0,0,0,0,0,90,0,81,0,5,0,0,0,0,61,0,54,0,5,0,0,0,0,0,0,0,0,0,0,0,0,0,61,0,54,0,5,0,0,0,0,143,49,81,2,6,0,0,0,0,52,49,0,2,0,0,0,0,0,91,0,81,0,6,0,0,0,0,124,32,81,1,5,0,0,0,0,34,32,0,1,0,0,0,0,0,90,0,81,0,5,0,0,0,0,0,0,0,0,0,0,0,0,0,0,0,0,0,0,0,0,0,0,0,0,0,0,0,0,0,0,0,124,32,81,1,5,0,0,0,0,34,32,0,1,0,0,0,0,0,90,0,81,0,5,0,0,0,0,61,0,54,0,5,0,0,0,0,0,0,0,0,0,0,0,0,0,61,0,54,0,5,0,0,0,0,0,0,0,0,0,0,0,0,0,0,0,0,0,0,0,0,0,0,0,0,0,0,0,0,0,0,0,0,0,0,0,0,0,0,0,0,0,0,0,0,0,0,0,0,0,0,0,0,0,0,0,0,0,0,0,0,0,0,0,0,0,0,0,0,0,0,0,0,0,0,0,0,0,0,0,0,0,0,0,0,0,0,0,0,0,0,0,0,0,0,0,0,0,0,0,0,0,0,0,0,0,0,0,0,0,0,0,0,0,0,0,0,0,0,0,0,0,0,0,0,0,0,0,0,0,0,0,0,0,0,0,0,0,0,0,0,0,0,0,0,0,0,0,0,0,0,0,0,0,0,0,0,0,0,0,0,0,0,0,0,0,0,0,0,0,0,0,0,0,0,0,0,0,0,0,0,0,0,0,0,0,0,0,0,0,0,0,0,0,0,0,0,0,0,0,0,0,0,0,0,0,0,0,0,0,0,0,0,0,0,0,0,0,0,0,0,0,0,0,0,0,0,0,0,0,0,0,0,0,0,0,0,0,0,0,0,0,0,0,0,0,0,0,0,0,0,0,0,0,0,0,0,0,0,0,0,0,0,0,0,0,0,0,0,0,0,0,0,0,0
2013-02-28,292,106,159,11,12,0,0,0,0,119,106,0,11,0,0,0,0,0,173,0,159,0,12,0,0,0,0,288,114,148,9,13,0,0,0,0,125,114,0,9,0,0,0,0,0,163,0,148,0,13,0,0,0,0,0,0,0,0,0,0,0,0,0,0,0,0,0,0,0,0,0,0,0,0,0,0,0,0,0,0,0,288,114,148,9,13,0,0,0,0,125,114,0,9,0,0,0,0,0,163,0,148,0,13,0,0,0,0,100,0,95,0,4,0,0,0,0,0,0,0,0,0,0,0,0,0,100,0,95,0,4,0,0,0,0,292,106,159,11,12,0,0,0,0,119,106,0,11,0,0,0,0,0,173,0,159,0,12,0,0,0,0,288,114,148,9,13,0,0,0,0,125,114,0,9,0,0,0,0,0,163,0,148,0,13,0,0,0,0,0,0,0,0,0,0,0,0,0,0,0,0,0,0,0,0,0,0,0,0,0,0,0,0,0,0,0,288,114,148,9,13,0,0,0,0,125,114,0,9,0,0,0,0,0,163,0,148,0,13,0,0,0,0,100,0,95,0,4,0,0,0,0,0,0,0,0,0,0,0,0,0,100,0,95,0,4,0,0,0,0,0,0,0,0,0,0,0,0,0,0,0,0,0,0,0,0,0,0,0,0,0,0,0,0,0,0,0,0,0,0,0,0,0,0,0,0,0,0,0,0,0,0,0,0,0,0,0,0,0,0,0,0,0,0,0,0,0,0,0,0,0,0,0,0,0,0,0,0,0,0,0,0,0,0,0,0,0,0,0,0,0,0,0,0,0,0,0,0,0,0,0,0,0,0,0,0,0,0,0,0,0,0,0,0,0,0,0,0,0,0,0,0,0,0,0,0,0,0,0,0,0,0,0,0,0,0,0,0,0,0,0,0,0,0,0,0,0,0,0,0,0,0,0,0,0,0,0,0,0,0,0,0,0,0,0,0,0,0,0,0,0,0,0,0,0,0,0,0,0,0,0,0,0,0,0,0,0,0,0,0,0,0,0,0,0,0,0,0,0,0,0,0,0,0,0,0,0,0,0,0,0,0,0,0,0,0,0,0,0,0,0,0,0,0,0,0,0,0,0,0,0,0,0,0,0,0,0,0,0,0,0,0,0,0,0,0,0,0,0,0,0,0,0,0,0,0,0,0,0,0,0,0,0,0,0,0,0,0,0,0,0,0,0,0,0,0,0,0,0,0
2013-03-31,294,106,169,3,10,0,0,0,0,111,106,0,3,0,0,0,0,0,183,0,169,0,10,0,0,0,0,276,91,170,4,7,0,0,0,0,95,91,0,4,0,0,0,0,0,181,0,170,0,7,0,0,0,0,0,0,0,0,0,0,0,0,0,0,0,0,0,0,0,0,0,0,0,0,0,0,0,0,0,0,0,276,91,170,4,7,0,0,0,0,95,91,0,4,0,0,0,0,0,181,0,170,0,7,0,0,0,0,135,0,127,0,5,0,0,0,0,0,0,0,0,0,0,0,0,0,135,0,127,0,5,0,0,0,0,294,106,169,3,10,0,0,0,0,111,106,0,3,0,0,0,0,0,183,0,169,0,10,0,0,0,0,276,91,170,4,7,0,0,0,0,95,91,0,4,0,0,0,0,0,181,0,170,0,7,0,0,0,0,0,0,0,0,0,0,0,0,0,0,0,0,0,0,0,0,0,0,0,0,0,0,0,0,0,0,0,276,91,170,4,7,0,0,0,0,95,91,0,4,0,0,0,0,0,181,0,170,0,7,0,0,0,0,135,0,127,0,5,0,0,0,0,0,0,0,0,0,0,0,0,0,135,0,127,0,5,0,0,0,0,0,0,0,0,0,0,0,0,0,0,0,0,0,0,0,0,0,0,0,0,0,0,0,0,0,0,0,0,0,0,0,0,0,0,0,0,0,0,0,0,0,0,0,0,0,0,0,0,0,0,0,0,0,0,0,0,0,0,0,0,0,0,0,0,0,0,0,0,0,0,0,0,0,0,0,0,0,0,0,0,0,0,0,0,0,0,0,0,0,0,0,0,0,0,0,0,0,0,0,0,0,0,0,0,0,0,0,0,0,0,0,0,0,0,0,0,0,0,0,0,0,0,0,0,0,0,0,0,0,0,0,0,0,0,0,0,0,0,0,0,0,0,0,0,0,0,0,0,0,0,0,0,0,0,0,0,0,0,0,0,0,0,0,0,0,0,0,0,0,0,0,0,0,0,0,0,0,0,0,0,0,0,0,0,0,0,0,0,0,0,0,0,0,0,0,0,0,0,0,0,0,0,0,0,0,0,0,0,0,0,0,0,0,0,0,0,0,0,0,0,0,0,0,0,0,0,0,0,0,0,0,0,0,0,0,0,0,0,0,0,0,0,0,0,0,0,0,0,0,0,0,0,0,0,0,0,0,0,0,0,0,0,0,0,0,0,0,0,0,0
2013-04-30,278,100,160,3,12,0,0,0,0,104,100,0,3,0,0,0,0,0,174,0,160,0,12,0,0,0,0,320,128,168,3,15,0,0,0,0,135,128,0,3,0,0,0,0,0,185,0,168,0,15,0,0,0,0,0,0,0,0,0,0,0,0,0,0,0,0,0,0,0,0,0,0,0,0,0,0,0,0,0,0,0,320,128,168,3,15,0,0,0,0,135,128,0,3,0,0,0,0,0,185,0,168,0,15,0,0,0,0,99,0,91,0,7,0,0,0,0,0,0,0,0,0,0,0,0,0,99,0,91,0,7,0,0,0,0,278,100,160,3,12,0,0,0,0,104,100,0,3,0,0,0,0,0,174,0,160,0,12,0,0,0,0,320,128,168,3,15,0,0,0,0,135,128,0,3,0,0,0,0,0,185,0,168,0,15,0,0,0,0,0,0,0,0,0,0,0,0,0,0,0,0,0,0,0,0,0,0,0,0,0,0,0,0,0,0,0,320,128,168,3,15,0,0,0,0,135,128,0,3,0,0,0,0,0,185,0,168,0,15,0,0,0,0,99,0,91,0,7,0,0,0,0,0,0,0,0,0,0,0,0,0,99,0,91,0,7,0,0,0,0,0,0,0,0,0,0,0,0,0,0,0,0,0,0,0,0,0,0,0,0,0,0,0,0,0,0,0,0,0,0,0,0,0,0,0,0,0,0,0,0,0,0,0,0,0,0,0,0,0,0,0,0,0,0,0,0,0,0,0,0,0,0,0,0,0,0,0,0,0,0,0,0,0,0,0,0,0,0,0,0,0,0,0,0,0,0,0,0,0,0,0,0,0,0,0,0,0,0,0,0,0,0,0,0,0,0,0,0,0,0,0,0,0,0,0,0,0,0,0,0,0,0,0,0,0,0,0,0,0,0,0,0,0,0,0,0,0,0,0,0,0,0,0,0,0,0,0,0,0,0,0,0,0,0,0,0,0,0,0,0,0,0,0,0,0,0,0,0,0,0,0,0,0,0,0,0,0,0,0,0,0,0,0,0,0,0,0,0,0,0,0,0,0,0,0,0,0,0,0,0,0,0,0,0,0,0,0,0,0,0,0,0,0,0,0,0,0,0,0,0,0,0,0,0,0,0,0,0,0,0,0,0,0,0,0,0,0,0,0,0,0,0,0,0,0,0,0,0,0,0,0,0,0,0,0,0,0,0,0,0,0,0,0,0,0,0,0,0,0,0
2013-05-31,268,72,178,5,9,0,0,0,0,80,72,0,5,0,0,0,0,0,188,0,178,0,9,0,0,0,0,261,63,184,2,9,0,0,0,0,67,63,0,2,0,0,0,0,0,194,0,184,0,9,0,0,0,0,0,0,0,0,0,0,0,0,0,0,0,0,0,0,0,0,0,0,0,0,0,0,0,0,0,0,0,261,63,184,2,9,0,0,0,0,67,63,0,2,0,0,0,0,0,194,0,184,0,9,0,0,0,0,134,0,126,0,8,0,0,0,0,0,0,0,0,0,0,0,0,0,134,0,126,0,8,0,0,0,0,268,72,178,5,9,0,0,0,0,80,72,0,5,0,0,0,0,0,188,0,178,0,9,0,0,0,0,261,63,184,2,9,0,0,0,0,67,63,0,2,0,0,0,0,0,194,0,184,0,9,0,0,0,0,0,0,0,0,0,0,0,0,0,0,0,0,0,0,0,0,0,0,0,0,0,0,0,0,0,0,0,261,63,184,2,9,0,0,0,0,67,63,0,2,0,0,0,0,0,194,0,184,0,9,0,0,0,0,134,0,126,0,8,0,0,0,0,0,0,0,0,0,0,0,0,0,134,0,126,0,8,0,0,0,0,0,0,0,0,0,0,0,0,0,0,0,0,0,0,0,0,0,0,0,0,0,0,0,0,0,0,0,0,0,0,0,0,0,0,0,0,0,0,0,0,0,0,0,0,0,0,0,0,0,0,0,0,0,0,0,0,0,0,0,0,0,0,0,0,0,0,0,0,0,0,0,0,0,0,0,0,0,0,0,0,0,0,0,0,0,0,0,0,0,0,0,0,0,0,0,0,0,0,0,0,0,0,0,0,0,0,0,0,0,0,0,0,0,0,0,0,0,0,0,0,0,0,0,0,0,0,0,0,0,0,0,0,0,0,0,0,0,0,0,0,0,0,0,0,0,0,0,0,0,0,0,0,0,0,0,0,0,0,0,0,0,0,0,0,0,0,0,0,0,0,0,0,0,0,0,0,0,0,0,0,0,0,0,0,0,0,0,0,0,0,0,0,0,0,0,0,0,0,0,0,0,0,0,0,0,0,0,0,0,0,0,0,0,0,0,0,0,0,0,0,0,0,0,0,0,0,0,0,0,0,0,0,0,0,0,0,0,0,0,0,0,0,0,0,0,0,0,0,0,0,0,0,0,0,0,0,0,0,0,0,0,0,0,0,0,0,0,0,0,0
2013-06-30,301,93,168,13,19,1,0,0,0,110,93,0,13,0,1,0,0,0,191,0,168,0,19,0,0,0,0,253,71,165,2,8,0,0,0,0,76,71,0,2,0,0,0,0,0,177,0,165,0,8,0,0,0,0,0,0,0,0,0,0,0,0,0,0,0,0,0,0,0,0,0,0,0,0,0,0,0,0,0,0,0,253,71,165,2,8,0,0,0,0,76,71,0,2,0,0,0,0,0,177,0,165,0,8,0,0,0,0,124,0,112,0,8,0,0,0,0,0,0,0,0,0,0,0,0,0,124,0,112,0,8,0,0,0,0,301,93,168,13,19,1,0,0,0,110,93,0,13,0,1,0,0,0,191,0,168,0,19,0,0,0,0,253,71,165,2,8,0,0,0,0,76,71,0,2,0,0,0,0,0,177,0,165,0,8,0,0,0,0,0,0,0,0,0,0,0,0,0,0,0,0,0,0,0,0,0,0,0,0,0,0,0,0,0,0,0,253,71,165,2,8,0,0,0,0,76,71,0,2,0,0,0,0,0,177,0,165,0,8,0,0,0,0,124,0,112,0,8,0,0,0,0,0,0,0,0,0,0,0,0,0,124,0,112,0,8,0,0,0,0,0,0,0,0,0,0,0,0,0,0,0,0,0,0,0,0,0,0,0,0,0,0,0,0,0,0,0,0,0,0,0,0,0,0,0,0,0,0,0,0,0,0,0,0,0,0,0,0,0,0,0,0,0,0,0,0,0,0,0,0,0,0,0,0,0,0,0,0,0,0,0,0,0,0,0,0,0,0,0,0,0,0,0,0,0,0,0,0,0,0,0,0,0,0,0,0,0,0,0,0,0,0,0,0,0,0,0,0,0,0,0,0,0,0,0,0,0,0,0,0,0,0,0,0,0,0,0,0,0,0,0,0,0,0,0,0,0,0,0,0,0,0,0,0,0,0,0,0,0,0,0,0,0,0,0,0,0,0,0,0,0,0,0,0,0,0,0,0,0,0,0,0,0,0,0,0,0,0,0,0,0,0,0,0,0,0,0,0,0,0,0,0,0,0,0,0,0,0,0,0,0,0,0,0,0,0,0,0,0,0,0,0,0,0,0,0,0,0,0,0,0,0,0,0,0,0,0,0,0,0,0,0,0,0,0,0,0,0,0,0,0,0,0,0,0,0,0,0,0,0,0,0,0,0,0,0,0,0,0,0,0,0,0,0,0,0,0,0,0,0
2013-07-31,333,106,118,19,76,1,12,0,0,129,106,0,19,3,1,0,0,0,204,0,118,0,73,0,12,0,0,252,96,112,2,34,0,6,0,0,99,96,0,2,0,0,0,0,0,153,0,112,0,34,0,6,0,0,0,0,0,0,0,0,0,0,0,0,0,0,0,0,0,0,0,0,0,0,0,0,0,0,0,0,0,252,96,112,2,34,0,6,0,0,99,96,0,2,0,0,0,0,0,153,0,112,0,34,0,6,0,0,94,0,70,0,20,0,4,0,0,0,0,0,0,0,0,0,0,0,94,0,70,0,20,0,4,0,0,333,106,118,19,76,1,12,0,0,129,106,0,19,3,1,0,0,0,204,0,118,0,73,0,12,0,0,252,96,112,2,34,0,6,0,0,99,96,0,2,0,0,0,0,0,153,0,112,0,34,0,6,0,0,0,0,0,0,0,0,0,0,0,0,0,0,0,0,0,0,0,0,0,0,0,0,0,0,0,0,0,252,96,112,2,34,0,6,0,0,99,96,0,2,0,0,0,0,0,153,0,112,0,34,0,6,0,0,94,0,70,0,20,0,4,0,0,0,0,0,0,0,0,0,0,0,94,0,70,0,20,0,4,0,0,0,0,0,0,0,0,0,0,0,0,0,0,0,0,0,0,0,0,0,0,0,0,0,0,0,0,0,0,0,0,0,0,0,0,0,0,0,0,0,0,0,0,0,0,0,0,0,0,0,0,0,0,0,0,0,0,0,0,0,0,0,0,0,0,0,0,0,0,0,0,0,0,0,0,0,0,0,0,0,0,0,0,0,0,0,0,0,0,0,0,0,0,0,0,0,0,0,0,0,0,0,0,0,0,0,0,0,0,0,0,0,0,0,0,0,0,0,0,0,0,0,0,0,0,0,0,0,0,0,0,0,0,0,0,0,0,0,0,0,0,0,0,0,0,0,0,0,0,0,0,0,0,0,0,0,0,0,0,0,0,0,0,0,0,0,0,0,0,0,0,0,0,0,0,0,0,0,0,0,0,0,0,0,0,0,0,0,0,0,0,0,0,0,0,0,0,0,0,0,0,0,0,0,0,0,0,0,0,0,0,0,0,0,0,0,0,0,0,0,0,0,0,0,0,0,0,0,0,0,0,0,0,0,0,0,0,0,0,0,0,0,0,0,0,0,0,0,0,0,0,0,0,0,0,0,0,0,0,0,0,0,0,0,0,0,0,0,0,0,0
2013-08-31,262,71,68,27,76,7,11,0,0,107,71,0,27,0,7,0,0,0,155,0,68,0,76,0,11,0,0,289,73,74,30,93,3,14,0,0,111,73,0,30,3,3,0,0,0,178,0,74,0,90,0,14,0,0,0,0,0,0,0,0,0,0,0,0,0,0,0,0,0,0,0,0,0,0,0,0,0,0,0,0,0,289,73,74,30,93,3,14,0,0,111,73,0,30,3,3,0,0,0,178,0,74,0,90,0,14,0,0,104,0,51,0,44,0,9,0,0,0,0,0,0,0,0,0,0,0,104,0,51,0,44,0,9,0,0,262,71,68,27,76,7,11,0,0,107,71,0,27,0,7,0,0,0,155,0,68,0,76,0,11,0,0,289,73,74,30,93,3,14,0,0,111,73,0,30,3,3,0,0,0,178,0,74,0,90,0,14,0,0,0,0,0,0,0,0,0,0,0,0,0,0,0,0,0,0,0,0,0,0,0,0,0,0,0,0,0,289,73,74,30,93,3,14,0,0,111,73,0,30,3,3,0,0,0,178,0,74,0,90,0,14,0,0,104,0,51,0,44,0,9,0,0,0,0,0,0,0,0,0,0,0,104,0,51,0,44,0,9,0,0,0,0,0,0,0,0,0,0,0,0,0,0,0,0,0,0,0,0,0,0,0,0,0,0,0,0,0,0,0,0,0,0,0,0,0,0,0,0,0,0,0,0,0,0,0,0,0,0,0,0,0,0,0,0,0,0,0,0,0,0,0,0,0,0,0,0,0,0,0,0,0,0,0,0,0,0,0,0,0,0,0,0,0,0,0,0,0,0,0,0,0,0,0,0,0,0,0,0,0,0,0,0,0,0,0,0,0,0,0,0,0,0,0,0,0,0,0,0,0,0,0,0,0,0,0,0,0,0,0,0,0,0,0,0,0,0,0,0,0,0,0,0,0,0,0,0,0,0,0,0,0,0,0,0,0,0,0,0,0,0,0,0,0,0,0,0,0,0,0,0,0,0,0,0,0,0,0,0,0,0,0,0,0,0,0,0,0,0,0,0,0,0,0,0,0,0,0,0,0,0,0,0,0,0,0,0,0,0,0,0,0,0,0,0,0,0,0,0,0,0,0,0,0,0,0,0,0,0,0,0,0,0,0,0,0,0,0,0,0,0,0,0,0,0,0,0,0,0,0,0,0,0,0,0,0,0,0,0,0,0,0,0,0,0,0,0,0,0,0,0
2013-09-30,332,113,79,19,106,8,7,0,0,140,112,0,19,0,8,1,0,0,192,1,79,0,106,0,6,0,0,274,105,76,12,76,1,4,0,0,117,104,0,12,0,1,0,0,0,157,1,76,0,76,0,4,0,0,0,0,0,0,0,0,0,0,0,0,0,0,0,0,0,0,0,0,0,0,0,0,0,0,0,0,0,274,105,76,12,76,1,4,0,0,117,104,0,12,0,1,0,0,0,157,1,76,0,76,0,4,0,0,103,1,51,0,49,0,2,0,0,0,0,0,0,0,0,0,0,0,103,1,51,0,49,0,2,0,0,332,113,79,19,106,8,7,0,0,140,112,0,19,0,8,1,0,0,192,1,79,0,106,0,6,0,0,274,105,76,12,76,1,4,0,0,117,104,0,12,0,1,0,0,0,157,1,76,0,76,0,4,0,0,0,0,0,0,0,0,0,0,0,0,0,0,0,0,0,0,0,0,0,0,0,0,0,0,0,0,0,274,105,76,12,76,1,4,0,0,117,104,0,12,0,1,0,0,0,157,1,76,0,76,0,4,0,0,103,1,51,0,49,0,2,0,0,0,0,0,0,0,0,0,0,0,103,1,51,0,49,0,2,0,0,0,0,0,0,0,0,0,0,0,0,0,0,0,0,0,0,0,0,0,0,0,0,0,0,0,0,0,0,0,0,0,0,0,0,0,0,0,0,0,0,0,0,0,0,0,0,0,0,0,0,0,0,0,0,0,0,0,0,0,0,0,0,0,0,0,0,0,0,0,0,0,0,0,0,0,0,0,0,0,0,0,0,0,0,0,0,0,0,0,0,0,0,0,0,0,0,0,0,0,0,0,0,0,0,0,0,0,0,0,0,0,0,0,0,0,0,0,0,0,0,0,0,0,0,0,0,0,0,0,0,0,0,0,0,0,0,0,0,0,0,0,0,0,0,0,0,0,0,0,0,0,0,0,0,0,0,0,0,0,0,0,0,0,0,0,0,0,0,0,0,0,0,0,0,0,0,0,0,0,0,0,0,0,0,0,0,0,0,0,0,0,0,0,0,0,0,0,0,0,0,0,0,0,0,0,0,0,0,0,0,0,0,0,0,0,0,0,0,0,0,0,0,0,0,0,0,0,0,0,0,0,0,0,0,0,0,0,0,0,0,0,0,0,0,0,0,0,0,0,0,0,0,0,0,0,0,0,0,0,0,0,0,0,0,0,0,0,0,0,0
2013-10-31,446,193,115,41,80,10,5,0,0,239,188,1,40,0,9,0,0,0,207,5,114,1,80,1,5,0,0,461,218,118,29,70,15,9,0,0,259,213,1,28,0,15,1,0,0,202,5,117,1,70,0,8,0,0,0,0,0,0,0,0,0,0,0,0,0,0,0,0,0,0,0,0,0,0,0,0,0,0,0,0,0,461,218,118,29,70,15,9,0,0,259,213,1,28,0,15,1,0,0,202,5,117,1,70,0,8,0,0,130,1,87,0,38,0,3,0,0,0,0,0,0,0,0,0,0,0,130,1,87,0,38,0,3,0,0,446,193,115,41,80,10,5,0,0,239,188,1,40,0,9,0,0,0,207,5,114,1,80,1,5,0,0,461,218,118,29,70,15,9,0,0,259,213,1,28,0,15,1,0,0,202,5,117,1,70,0,8,0,0,0,0,0,0,0,0,0,0,0,0,0,0,0,0,0,0,0,0,0,0,0,0,0,0,0,0,0,461,218,118,29,70,15,9,0,0,259,213,1,28,0,15,1,0,0,202,5,117,1,70,0,8,0,0,130,1,87,0,38,0,3,0,0,0,0,0,0,0,0,0,0,0,130,1,87,0,38,0,3,0,0,0,0,0,0,0,0,0,0,0,0,0,0,0,0,0,0,0,0,0,0,0,0,0,0,0,0,0,0,0,0,0,0,0,0,0,0,0,0,0,0,0,0,0,0,0,0,0,0,0,0,0,0,0,0,0,0,0,0,0,0,0,0,0,0,0,0,0,0,0,0,0,0,0,0,0,0,0,0,0,0,0,0,0,0,0,0,0,0,0,0,0,0,0,0,0,0,0,0,0,0,0,0,0,0,0,0,0,0,0,0,0,0,0,0,0,0,0,0,0,0,0,0,0,0,0,0,0,0,0,0,0,0,0,0,0,0,0,0,0,0,0,0,0,0,0,0,0,0,0,0,0,0,0,0,0,0,0,0,0,0,0,0,0,0,0,0,0,0,0,0,0,0,0,0,0,0,0,0,0,0,0,0,0,0,0,0,0,0,0,0,0,0,0,0,0,0,0,0,0,0,0,0,0,0,0,0,0,0,0,0,0,0,0,0,0,0,0,0,0,0,0,0,0,0,0,0,0,0,0,0,0,0,0,0,0,0,0,0,0,0,0,0,0,0,0,0,0,0,0,0,0,0,0,0,0,0,0,0,0,0,0,0,0,0,0,0,0,0,0,0
2013-11-30,351,125,104,26,80,10,5,0,0,160,123,0,26,1,9,0,0,0,191,2,104,0,79,1,5,0,0,300,103,90,17,76,8,5,0,0,126,101,0,17,0,7,0,0,0,174,2,90,0,76,1,5,0,0,0,0,0,0,0,0,0,0,0,0,0,0,0,0,0,0,0,0,0,0,0,0,0,0,0,0,0,300,103,90,17,76,8,5,0,0,126,101,0,17,0,7,0,0,0,174,2,90,0,76,1,5,0,0,135,1,67,0,61,1,5,0,0,0,0,0,0,0,0,0,0,0,135,1,67,0,61,1,5,0,0,351,125,104,26,80,10,5,0,0,160,123,0,26,1,9,0,0,0,191,2,104,0,79,1,5,0,0,300,103,90,17,76,8,5,0,0,126,101,0,17,0,7,0,0,0,174,2,90,0,76,1,5,0,0,0,0,0,0,0,0,0,0,0,0,0,0,0,0,0,0,0,0,0,0,0,0,0,0,0,0,0,300,103,90,17,76,8,5,0,0,126,101,0,17,0,7,0,0,0,174,2,90,0,76,1,5,0,0,135,1,67,0,61,1,5,0,0,0,0,0,0,0,0,0,0,0,135,1,67,0,61,1,5,0,0,0,0,0,0,0,0,0,0,0,0,0,0,0,0,0,0,0,0,0,0,0,0,0,0,0,0,0,0,0,0,0,0,0,0,0,0,0,0,0,0,0,0,0,0,0,0,0,0,0,0,0,0,0,0,0,0,0,0,0,0,0,0,0,0,0,0,0,0,0,0,0,0,0,0,0,0,0,0,0,0,0,0,0,0,0,0,0,0,0,0,0,0,0,0,0,0,0,0,0,0,0,0,0,0,0,0,0,0,0,0,0,0,0,0,0,0,0,0,0,0,0,0,0,0,0,0,0,0,0,0,0,0,0,0,0,0,0,0,0,0,0,0,0,0,0,0,0,0,0,0,0,0,0,0,0,0,0,0,0,0,0,0,0,0,0,0,0,0,0,0,0,0,0,0,0,0,0,0,0,0,0,0,0,0,0,0,0,0,0,0,0,0,0,0,0,0,0,0,0,0,0,0,0,0,0,0,0,0,0,0,0,0,0,0,0,0,0,0,0,0,0,0,0,0,0,0,0,0,0,0,0,0,0,0,0,0,0,0,0,0,0,0,0,0,0,0,0,0,0,0,0,0,0,0,0,0,0,0,0,0,0,0,0,0,0,0,0,0,0,0
2013-12-31,358,145,103,13,82,9,6,0,0,165,143,0,13,0,9,0,0,0,193,2,103,0,82,0,6,0,0,272,103,98,14,33,17,7,0,0,133,103,0,14,0,16,0,0,0,139,0,98,0,33,1,7,0,0,0,0,0,0,0,0,0,0,0,0,0,0,0,0,0,0,0,0,0,0,0,0,0,0,0,0,0,272,103,98,14,33,17,7,0,0,133,103,0,14,0,16,0,0,0,139,0,98,0,33,1,7,0,0,95,0,73,0,16,0,6,0,0,0,0,0,0,0,0,0,0,0,95,0,73,0,16,0,6,0,0,358,145,103,13,82,9,6,0,0,165,143,0,13,0,9,0,0,0,193,2,103,0,82,0,6,0,0,272,103,98,14,33,17,7,0,0,133,103,0,14,0,16,0,0,0,139,0,98,0,33,1,7,0,0,0,0,0,0,0,0,0,0,0,0,0,0,0,0,0,0,0,0,0,0,0,0,0,0,0,0,0,272,103,98,14,33,17,7,0,0,133,103,0,14,0,16,0,0,0,139,0,98,0,33,1,7,0,0,95,0,73,0,16,0,6,0,0,0,0,0,0,0,0,0,0,0,95,0,73,0,16,0,6,0,0,0,0,0,0,0,0,0,0,0,0,0,0,0,0,0,0,0,0,0,0,0,0,0,0,0,0,0,0,0,0,0,0,0,0,0,0,0,0,0,0,0,0,0,0,0,0,0,0,0,0,0,0,0,0,0,0,0,0,0,0,0,0,0,0,0,0,0,0,0,0,0,0,0,0,0,0,0,0,0,0,0,0,0,0,0,0,0,0,0,0,0,0,0,0,0,0,0,0,0,0,0,0,0,0,0,0,0,0,0,0,0,0,0,0,0,0,0,0,0,0,0,0,0,0,0,0,0,0,0,0,0,0,0,0,0,0,0,0,0,0,0,0,0,0,0,0,0,0,0,0,0,0,0,0,0,0,0,0,0,0,0,0,0,0,0,0,0,0,0,0,0,0,0,0,0,0,0,0,0,0,0,0,0,0,0,0,0,0,0,0,0,0,0,0,0,0,0,0,0,0,0,0,0,0,0,0,0,0,0,0,0,0,0,0,0,0,0,0,0,0,0,0,0,0,0,0,0,0,0,0,0,0,0,0,0,0,0,0,0,0,0,0,0,0,0,0,0,0,0,0,0,0,0,0,0,0,0,0,0,0,0,0,0,0,0,0,0,0,0,0
2014-01-31,377,146,117,21,77,5,10,0,0,168,142,0,20,0,5,0,0,0,209,4,117,1,77,0,10,0,0,295,104,116,16,50,0,8,0,0,117,100,0,16,0,0,0,0,0,178,4,116,0,50,0,8,0,0,0,0,0,0,0,0,0,0,0,0,0,0,0,0,0,0,0,0,0,0,0,0,0,0,0,0,0,295,104,116,16,50,0,8,0,0,117,100,0,16,0,0,0,0,0,178,4,116,0,50,0,8,0,0,115,2,78,0,28,0,7,0,0,0,0,0,0,0,0,0,0,0,115,2,78,0,28,0,7,0,0,377,146,117,21,77,5,10,0,0,168,142,0,20,0,5,0,0,0,209,4,117,1,77,0,10,0,0,295,104,116,16,50,0,8,0,0,117,100,0,16,0,0,0,0,0,178,4,116,0,50,0,8,0,0,0,0,0,0,0,0,0,0,0,0,0,0,0,0,0,0,0,0,0,0,0,0,0,0,0,0,0,295,104,116,16,50,0,8,0,0,117,100,0,16,0,0,0,0,0,178,4,116,0,50,0,8,0,0,115,2,78,0,28,0,7,0,0,0,0,0,0,0,0,0,0,0,115,2,78,0,28,0,7,0,0,0,0,0,0,0,0,0,0,0,0,0,0,0,0,0,0,0,0,0,0,0,0,0,0,0,0,0,0,0,0,0,0,0,0,0,0,0,0,0,0,0,0,0,0,0,0,0,0,0,0,0,0,0,0,0,0,0,0,0,0,0,0,0,0,0,0,0,0,0,0,0,0,0,0,0,0,0,0,0,0,0,0,0,0,0,0,0,0,0,0,0,0,0,0,0,0,0,0,0,0,0,0,0,0,0,0,0,0,0,0,0,0,0,0,0,0,0,0,0,0,0,0,0,0,0,0,0,0,0,0,0,0,0,0,0,0,0,0,0,0,0,0,0,0,0,0,0,0,0,0,0,0,0,0,0,0,0,0,0,0,0,0,0,0,0,0,0,0,0,0,0,0,0,0,0,0,0,0,0,0,0,0,0,0,0,0,0,0,0,0,0,0,0,0,0,0,0,0,0,0,0,0,0,0,0,0,0,0,0,0,0,0,0,0,0,0,0,0,0,0,0,0,0,0,0,0,0,0,0,0,0,0,0,0,0,0,0,0,0,0,0,0,0,0,0,0,0,0,0,0,0,0,0,0,0,0,0,0,0,0,0,0,0,0,0,0,0,0,0,0
2014-02-28,382,121,124,27,83,14,11,0,0,160,117,1,26,2,14,0,0,0,222,4,123,1,81,0,11,0,0,340,109,123,31,50,14,11,0,0,152,105,1,31,1,14,0,0,0,188,4,122,0,49,0,11,0,0,0,0,0,0,0,0,0,0,0,0,0,0,0,0,0,0,0,0,0,0,0,0,0,0,0,0,0,340,109,123,31,50,14,11,0,0,152,105,1,31,1,14,0,0,0,188,4,122,0,49,0,11,0,0,141,1,100,0,27,0,11,0,0,0,0,0,0,0,0,0,0,0,141,1,100,0,27,0,11,0,0,382,121,124,27,83,14,11,0,0,160,117,1,26,2,14,0,0,0,222,4,123,1,81,0,11,0,0,340,109,123,31,50,14,11,0,0,152,105,1,31,1,14,0,0,0,188,4,122,0,49,0,11,0,0,0,0,0,0,0,0,0,0,0,0,0,0,0,0,0,0,0,0,0,0,0,0,0,0,0,0,0,340,109,123,31,50,14,11,0,0,152,105,1,31,1,14,0,0,0,188,4,122,0,49,0,11,0,0,141,1,100,0,27,0,11,0,0,0,0,0,0,0,0,0,0,0,141,1,100,0,27,0,11,0,0,0,0,0,0,0,0,0,0,0,0,0,0,0,0,0,0,0,0,0,0,0,0,0,0,0,0,0,0,0,0,0,0,0,0,0,0,0,0,0,0,0,0,0,0,0,0,0,0,0,0,0,0,0,0,0,0,0,0,0,0,0,0,0,0,0,0,0,0,0,0,0,0,0,0,0,0,0,0,0,0,0,0,0,0,0,0,0,0,0,0,0,0,0,0,0,0,0,0,0,0,0,0,0,0,0,0,0,0,0,0,0,0,0,0,0,0,0,0,0,0,0,0,0,0,0,0,0,0,0,0,0,0,0,0,0,0,0,0,0,0,0,0,0,0,0,0,0,0,0,0,0,0,0,0,0,0,0,0,0,0,0,0,0,0,0,0,0,0,0,0,0,0,0,0,0,0,0,0,0,0,0,0,0,0,0,0,0,0,0,0,0,0,0,0,0,0,0,0,0,0,0,0,0,0,0,0,0,0,0,0,0,0,0,0,0,0,0,0,0,0,0,0,0,0,0,0,0,0,0,0,0,0,0,0,0,0,0,0,0,0,0,0,0,0,0,0,0,0,0,0,0,0,0,0,0,0,0,0,0,0,0,0,0,0,0,0,0,0,0,0
2014-03-31,553,191,211,18,111,10,12,0,0,217,188,0,18,0,10,1,0,0,336,3,211,0,111,0,11,0,0,686,202,227,53,189,10,5,0,0,263,199,0,52,2,10,0,0,0,423,3,227,1,187,0,5,0,0,0,0,0,0,0,0,0,0,0,0,0,0,0,0,0,0,0,0,0,0,0,0,0,0,0,0,0,686,202,227,53,189,10,5,0,0,263,199,0,52,2,10,0,0,0,423,3,227,1,187,0,5,0,0,271,2,169,0,97,0,3,0,0,0,0,0,0,0,0,0,0,0,271,2,169,0,97,0,3,0,0,553,191,211,18,111,10,12,0,0,217,188,0,18,0,10,1,0,0,336,3,211,0,111,0,11,0,0,686,202,227,53,189,10,5,0,0,263,199,0,52,2,10,0,0,0,423,3,227,1,187,0,5,0,0,0,0,0,0,0,0,0,0,0,0,0,0,0,0,0,0,0,0,0,0,0,0,0,0,0,0,0,686,202,227,53,189,10,5,0,0,263,199,0,52,2,10,0,0,0,423,3,227,1,187,0,5,0,0,271,2,169,0,97,0,3,0,0,0,0,0,0,0,0,0,0,0,271,2,169,0,97,0,3,0,0,0,0,0,0,0,0,0,0,0,0,0,0,0,0,0,0,0,0,0,0,0,0,0,0,0,0,0,0,0,0,0,0,0,0,0,0,0,0,0,0,0,0,0,0,0,0,0,0,0,0,0,0,0,0,0,0,0,0,0,0,0,0,0,0,0,0,0,0,0,0,0,0,0,0,0,0,0,0,0,0,0,0,0,0,0,0,0,0,0,0,0,0,0,0,0,0,0,0,0,0,0,0,0,0,0,0,0,0,0,0,0,0,0,0,0,0,0,0,0,0,0,0,0,0,0,0,0,0,0,0,0,0,0,0,0,0,0,0,0,0,0,0,0,0,0,0,0,0,0,0,0,0,0,0,0,0,0,0,0,0,0,0,0,0,0,0,0,0,0,0,0,0,0,0,0,0,0,0,0,0,0,0,0,0,0,0,0,0,0,0,0,0,0,0,0,0,0,0,0,0,0,0,0,0,0,0,0,0,0,0,0,0,0,0,0,0,0,0,0,0,0,0,0,0,0,0,0,0,0,0,0,0,0,0,0,0,0,0,0,0,0,0,0,0,0,0,0,0,0,0,0,0,0,0,0,0,0,0,0,0,0,0,0,0,0,0,0,0,0,0
2014-04-30,457,165,140,19,92,12,27,0,0,192,164,0,19,0,9,0,0,0,265,1,140,0,92,3,27,0,0,330,129,112,10,33,13,31,0,0,150,129,0,10,0,10,1,0,0,180,0,112,0,33,3,30,0,0,0,0,0,0,0,0,0,0,0,0,0,0,0,0,0,0,0,0,0,0,0,0,0,0,0,0,0,330,129,112,10,33,13,31,0,0,150,129,0,10,0,10,1,0,0,180,0,112,0,33,3,30,0,0,121,0,86,0,17,2,15,0,0,0,0,0,0,0,0,0,0,0,121,0,86,0,17,2,15,0,0,457,165,140,19,92,12,27,0,0,192,164,0,19,0,9,0,0,0,265,1,140,0,92,3,27,0,0,330,129,112,10,33,13,31,0,0,150,129,0,10,0,10,1,0,0,180,0,112,0,33,3,30,0,0,0,0,0,0,0,0,0,0,0,0,0,0,0,0,0,0,0,0,0,0,0,0,0,0,0,0,0,330,129,112,10,33,13,31,0,0,150,129,0,10,0,10,1,0,0,180,0,112,0,33,3,30,0,0,121,0,86,0,17,2,15,0,0,0,0,0,0,0,0,0,0,0,121,0,86,0,17,2,15,0,0,0,0,0,0,0,0,0,0,0,0,0,0,0,0,0,0,0,0,0,0,0,0,0,0,0,0,0,0,0,0,0,0,0,0,0,0,0,0,0,0,0,0,0,0,0,0,0,0,0,0,0,0,0,0,0,0,0,0,0,0,0,0,0,0,0,0,0,0,0,0,0,0,0,0,0,0,0,0,0,0,0,0,0,0,0,0,0,0,0,0,0,0,0,0,0,0,0,0,0,0,0,0,0,0,0,0,0,0,0,0,0,0,0,0,0,0,0,0,0,0,0,0,0,0,0,0,0,0,0,0,0,0,0,0,0,0,0,0,0,0,0,0,0,0,0,0,0,0,0,0,0,0,0,0,0,0,0,0,0,0,0,0,0,0,0,0,0,0,0,0,0,0,0,0,0,0,0,0,0,0,0,0,0,0,0,0,0,0,0,0,0,0,0,0,0,0,0,0,0,0,0,0,0,0,0,0,0,0,0,0,0,0,0,0,0,0,0,0,0,0,0,0,0,0,0,0,0,0,0,0,0,0,0,0,0,0,0,0,0,0,0,0,0,0,0,0,0,0,0,0,0,0,0,0,0,0,0,0,0,0,0,0,0,0,0,0,0,0,0,0
2014-05-31,383,151,108,16,87,9,11,0,0,172,147,1,16,0,8,0,0,0,211,4,107,0,87,1,11,0,0,236,109,96,5,24,0,1,0,0,111,106,0,5,0,0,0,0,0,125,3,96,0,24,0,1,0,0,0,0,0,0,0,0,0,0,0,0,0,0,0,0,0,0,0,0,0,0,0,0,0,0,0,0,0,236,109,96,5,24,0,1,0,0,111,106,0,5,0,0,0,0,0,125,3,96,0,24,0,1,0,0,86,2,72,0,11,0,1,0,0,0,0,0,0,0,0,0,0,0,86,2,72,0,11,0,1,0,0,383,151,108,16,87,9,11,0,0,172,147,1,16,0,8,0,0,0,211,4,107,0,87,1,11,0,0,236,109,96,5,24,0,1,0,0,111,106,0,5,0,0,0,0,0,125,3,96,0,24,0,1,0,0,0,0,0,0,0,0,0,0,0,0,0,0,0,0,0,0,0,0,0,0,0,0,0,0,0,0,0,236,109,96,5,24,0,1,0,0,111,106,0,5,0,0,0,0,0,125,3,96,0,24,0,1,0,0,86,2,72,0,11,0,1,0,0,0,0,0,0,0,0,0,0,0,86,2,72,0,11,0,1,0,0,0,0,0,0,0,0,0,0,0,0,0,0,0,0,0,0,0,0,0,0,0,0,0,0,0,0,0,0,0,0,0,0,0,0,0,0,0,0,0,0,0,0,0,0,0,0,0,0,0,0,0,0,0,0,0,0,0,0,0,0,0,0,0,0,0,0,0,0,0,0,0,0,0,0,0,0,0,0,0,0,0,0,0,0,0,0,0,0,0,0,0,0,0,0,0,0,0,0,0,0,0,0,0,0,0,0,0,0,0,0,0,0,0,0,0,0,0,0,0,0,0,0,0,0,0,0,0,0,0,0,0,0,0,0,0,0,0,0,0,0,0,0,0,0,0,0,0,0,0,0,0,0,0,0,0,0,0,0,0,0,0,0,0,0,0,0,0,0,0,0,0,0,0,0,0,0,0,0,0,0,0,0,0,0,0,0,0,0,0,0,0,0,0,0,0,0,0,0,0,0,0,0,0,0,0,0,0,0,0,0,0,0,0,0,0,0,0,0,0,0,0,0,0,0,0,0,0,0,0,0,0,0,0,0,0,0,0,0,0,0,0,0,0,0,0,0,0,0,0,0,0,0,0,0,0,0,0,0,0,0,0,0,0,0,0,0,0,0,0,0
2014-06-30,372,141,129,6,78,8,8,0,0,153,137,1,6,0,8,0,0,0,219,4,128,0,78,0,8,0,0,278,108,138,3,24,1,2,0,0,108,104,0,2,0,1,0,0,0,170,4,138,1,24,0,2,0,0,0,0,0,0,0,0,0,0,0,0,0,0,0,0,0,0,0,0,0,0,0,0,0,0,0,0,0,278,108,138,3,24,1,2,0,0,108,104,0,2,0,1,0,0,0,170,4,138,1,24,0,2,0,0,108,1,94,0,11,0,1,0,0,0,0,0,0,0,0,0,0,0,108,1,94,0,11,0,1,0,0,372,141,129,6,78,8,8,0,0,153,137,1,6,0,8,0,0,0,219,4,128,0,78,0,8,0,0,278,108,138,3,24,1,2,0,0,108,104,0,2,0,1,0,0,0,170,4,138,1,24,0,2,0,0,0,0,0,0,0,0,0,0,0,0,0,0,0,0,0,0,0,0,0,0,0,0,0,0,0,0,0,278,108,138,3,24,1,2,0,0,108,104,0,2,0,1,0,0,0,170,4,138,1,24,0,2,0,0,108,1,94,0,11,0,1,0,0,0,0,0,0,0,0,0,0,0,108,1,94,0,11,0,1,0,0,0,0,0,0,0,0,0,0,0,0,0,0,0,0,0,0,0,0,0,0,0,0,0,0,0,0,0,0,0,0,0,0,0,0,0,0,0,0,0,0,0,0,0,0,0,0,0,0,0,0,0,0,0,0,0,0,0,0,0,0,0,0,0,0,0,0,0,0,0,0,0,0,0,0,0,0,0,0,0,0,0,0,0,0,0,0,0,0,0,0,0,0,0,0,0,0,0,0,0,0,0,0,0,0,0,0,0,0,0,0,0,0,0,0,0,0,0,0,0,0,0,0,0,0,0,0,0,0,0,0,0,0,0,0,0,0,0,0,0,0,0,0,0,0,0,0,0,0,0,0,0,0,0,0,0,0,0,0,0,0,0,0,0,0,0,0,0,0,0,0,0,0,0,0,0,0,0,0,0,0,0,0,0,0,0,0,0,0,0,0,0,0,0,0,0,0,0,0,0,0,0,0,0,0,0,0,0,0,0,0,0,0,0,0,0,0,0,0,0,0,0,0,0,0,0,0,0,0,0,0,0,0,0,0,0,0,0,0,0,0,0,0,0,0,0,0,0,0,0,0,0,0,0,0,0,0,0,0,0,0,0,0,0,0,0,0,0,0,0,0
2014-07-31,393,152,124,12,93,2,8,0,0,166,150,1,12,0,2,0,0,0,227,2,123,0,93,0,8,0,0,295,108,116,6,51,0,12,0,0,114,106,1,6,0,0,0,0,0,181,2,115,0,51,0,12,0,0,0,0,0,0,0,0,0,0,0,0,0,0,0,0,0,0,0,0,0,0,0,0,0,0,0,0,0,295,108,116,6,51,0,12,0,0,114,106,1,6,0,0,0,0,0,181,2,115,0,51,0,12,0,0,116,2,85,0,23,0,5,0,0,0,0,0,0,0,0,0,0,0,116,2,85,0,23,0,5,0,0,393,152,124,12,93,2,8,0,0,166,150,1,12,0,2,0,0,0,227,2,123,0,93,0,8,0,0,295,108,116,6,51,0,12,0,0,114,106,1,6,0,0,0,0,0,181,2,115,0,51,0,12,0,0,0,0,0,0,0,0,0,0,0,0,0,0,0,0,0,0,0,0,0,0,0,0,0,0,0,0,0,295,108,116,6,51,0,12,0,0,114,106,1,6,0,0,0,0,0,181,2,115,0,51,0,12,0,0,116,2,85,0,23,0,5,0,0,0,0,0,0,0,0,0,0,0,116,2,85,0,23,0,5,0,0,0,0,0,0,0,0,0,0,0,0,0,0,0,0,0,0,0,0,0,0,0,0,0,0,0,0,0,0,0,0,0,0,0,0,0,0,0,0,0,0,0,0,0,0,0,0,0,0,0,0,0,0,0,0,0,0,0,0,0,0,0,0,0,0,0,0,0,0,0,0,0,0,0,0,0,0,0,0,0,0,0,0,0,0,0,0,0,0,0,0,0,0,0,0,0,0,0,0,0,0,0,0,0,0,0,0,0,0,0,0,0,0,0,0,0,0,0,0,0,0,0,0,0,0,0,0,0,0,0,0,0,0,0,0,0,0,0,0,0,0,0,0,0,0,0,0,0,0,0,0,0,0,0,0,0,0,0,0,0,0,0,0,0,0,0,0,0,0,0,0,0,0,0,0,0,0,0,0,0,0,0,0,0,0,0,0,0,0,0,0,0,0,0,0,0,0,0,0,0,0,0,0,0,0,0,0,0,0,0,0,0,0,0,0,0,0,0,0,0,0,0,0,0,0,0,0,0,0,0,0,0,0,0,0,0,0,0,0,0,0,0,0,0,0,0,0,0,0,0,0,0,0,0,0,0,0,0,0,0,0,0,0,0,0,0,0,0,0,0,0
2014-08-31,448,185,133,13,107,3,3,0,0,205,184,1,13,3,3,0,0,0,243,1,132,0,104,0,3,0,0,394,169,105,3,102,0,11,0,0,177,168,3,3,2,0,0,0,0,217,1,102,0,100,0,11,0,0,0,0,0,0,0,0,0,0,0,0,0,0,0,0,0,0,0,0,0,0,0,0,0,0,0,0,0,394,169,105,3,102,0,11,0,0,177,168,3,3,2,0,0,0,0,217,1,102,0,100,0,11,0,0,120,1,76,0,34,0,7,0,0,0,0,0,0,0,0,0,0,0,120,1,76,0,34,0,7,0,0,448,185,133,13,107,3,3,0,0,205,184,1,13,3,3,0,0,0,243,1,132,0,104,0,3,0,0,394,169,105,3,102,0,11,0,0,177,168,3,3,2,0,0,0,0,217,1,102,0,100,0,11,0,0,0,0,0,0,0,0,0,0,0,0,0,0,0,0,0,0,0,0,0,0,0,0,0,0,0,0,0,394,169,105,3,102,0,11,0,0,177,168,3,3,2,0,0,0,0,217,1,102,0,100,0,11,0,0,120,1,76,0,34,0,7,0,0,0,0,0,0,0,0,0,0,0,120,1,76,0,34,0,7,0,0,0,0,0,0,0,0,0,0,0,0,0,0,0,0,0,0,0,0,0,0,0,0,0,0,0,0,0,0,0,0,0,0,0,0,0,0,0,0,0,0,0,0,0,0,0,0,0,0,0,0,0,0,0,0,0,0,0,0,0,0,0,0,0,0,0,0,0,0,0,0,0,0,0,0,0,0,0,0,0,0,0,0,0,0,0,0,0,0,0,0,0,0,0,0,0,0,0,0,0,0,0,0,0,0,0,0,0,0,0,0,0,0,0,0,0,0,0,0,0,0,0,0,0,0,0,0,0,0,0,0,0,0,0,0,0,0,0,0,0,0,0,0,0,0,0,0,0,0,0,0,0,0,0,0,0,0,0,0,0,0,0,0,0,0,0,0,0,0,0,0,0,0,0,0,0,0,0,0,0,0,0,0,0,0,0,0,0,0,0,0,0,0,0,0,0,0,0,0,0,0,0,0,0,0,0,0,0,0,0,0,0,0,0,0,0,0,0,0,0,0,0,0,0,0,0,0,0,0,0,0,0,0,0,0,0,0,0,0,0,0,0,0,0,0,0,0,0,0,0,0,0,0,0,0,0,0,0,0,0,0,0,0,0,0,0,0,0,0,0,0
2014-09-30,515,170,115,36,147,9,27,0,10,216,168,3,36,0,9,0,0,0,299,2,112,0,147,0,27,0,10,887,345,150,56,302,13,20,0,0,410,339,2,56,0,13,0,0,0,477,6,148,0,302,0,20,0,0,0,0,0,0,0,0,0,0,0,0,0,0,0,0,0,0,0,0,0,0,0,0,0,0,0,0,0,887,345,150,56,302,13,20,0,0,410,339,2,56,0,13,0,0,0,477,6,148,0,302,0,20,0,0,73,1,50,0,14,0,7,0,0,0,0,0,0,0,0,0,0,0,73,1,50,0,14,0,7,0,0,394,143,90,29,99,7,26,0,0,179,141,2,29,0,7,0,0,0,215,2,88,0,99,0,26,0,0,880,343,146,56,302,13,20,0,0,408,337,2,56,0,13,0,0,0,472,6,144,0,302,0,20,0,0,0,0,0,0,0,0,0,0,0,0,0,0,0,0,0,0,0,0,0,0,0,0,0,0,0,0,0,880,343,146,56,302,13,20,0,0,408,337,2,56,0,13,0,0,0,472,6,144,0,302,0,20,0,0,69,1,47,0,14,0,7,0,0,0,0,0,0,0,0,0,0,0,69,1,47,0,14,0,7,0,0,89,23,17,7,39,1,1,0,1,31,23,0,7,0,1,0,0,0,58,0,17,0,39,0,1,0,1,1,1,0,0,0,0,0,0,0,1,1,0,0,0,0,0,0,0,0,0,0,0,0,0,0,0,0,0,0,0,0,0,0,0,0,0,0,0,0,0,0,0,0,0,0,0,0,0,0,0,0,0,0,0,1,1,0,0,0,0,0,0,0,1,1,0,0,0,0,0,0,0,0,0,0,0,0,0,0,0,0,0,0,0,0,0,0,0,0,0,0,0,0,0,0,0,0,0,0,0,0,0,0,0,0,0,0,0,32,4,8,0,9,1,0,0,9,6,4,1,0,0,1,0,0,0,26,0,7,0,9,0,0,0,9,6,1,4,0,0,0,0,0,0,1,1,0,0,0,0,0,0,0,5,0,4,0,0,0,0,0,0,0,0,0,0,0,0,0,0,0,0,0,0,0,0,0,0,0,0,0,0,0,0,0,0,0,0,0,6,1,4,0,0,0,0,0,0,1,1,0,0,0,0,0,0,0,5,0,4,0,0,0,0,0,0,4,0,3,0,0,0,0,0,0,0,0,0,0,0,0,0,0,0,4,0,3,0,0,0,0,0,0
2014-10-31,467,186,89,30,109,4,30,0,17,221,185,0,30,1,4,0,0,0,246,1,89,0,108,0,30,0,17,219,115,53,6,18,3,22,0,0,125,114,1,6,0,3,0,0,0,94,1,52,0,18,0,22,0,0,0,0,0,0,0,0,0,0,0,0,0,0,0,0,0,0,0,0,0,0,0,0,0,0,0,0,0,219,115,53,6,18,3,22,0,0,125,114,1,6,0,3,0,0,0,94,1,52,0,18,0,22,0,0,66,1,33,0,9,0,22,0,0,0,0,0,0,0,0,0,0,0,66,1,33,0,9,0,22,0,0,232,112,43,10,43,3,19,0,0,126,112,0,10,0,3,0,0,0,106,0,43,0,43,0,19,0,0,154,91,30,4,10,2,15,0,0,98,91,0,4,0,2,0,0,0,56,0,30,0,10,0,15,0,0,0,0,0,0,0,0,0,0,0,0,0,0,0,0,0,0,0,0,0,0,0,0,0,0,0,0,0,154,91,30,4,10,2,15,0,0,98,91,0,4,0,2,0,0,0,56,0,30,0,10,0,15,0,0,40,0,19,0,5,0,15,0,0,0,0,0,0,0,0,0,0,0,40,0,19,0,5,0,15,0,0,170,66,34,14,47,1,8,0,0,82,66,0,14,1,1,0,0,0,88,0,34,0,46,0,8,0,0,47,19,13,2,6,1,6,0,0,22,19,0,2,0,1,0,0,0,25,0,13,0,6,0,6,0,0,0,0,0,0,0,0,0,0,0,0,0,0,0,0,0,0,0,0,0,0,0,0,0,0,0,0,0,47,19,13,2,6,1,6,0,0,22,19,0,2,0,1,0,0,0,25,0,13,0,6,0,6,0,0,17,0,8,0,3,0,6,0,0,0,0,0,0,0,0,0,0,0,17,0,8,0,3,0,6,0,0,65,8,12,6,19,0,3,0,17,13,7,0,6,0,0,0,0,0,52,1,12,0,19,0,3,0,17,18,5,10,0,2,0,1,0,0,5,4,1,0,0,0,0,0,0,13,1,9,0,2,0,1,0,0,0,0,0,0,0,0,0,0,0,0,0,0,0,0,0,0,0,0,0,0,0,0,0,0,0,0,0,18,5,10,0,2,0,1,0,0,5,4,1,0,0,0,0,0,0,13,1,9,0,2,0,1,0,0,9,1,6,0,1,0,1,0,0,0,0,0,0,0,0,0,0,0,9,1,6,0,1,0,1,0,0
2014-11-30,395,142,76,26,105,2,38,0,6,171,141,1,26,1,2,0,0,0,224,1,75,0,104,0,38,0,6,215,84,63,7,28,3,30,0,0,94,83,1,7,0,3,0,0,0,121,1,62,0,28,0,30,0,0,0,0,0,0,0,0,0,0,0,0,0,0,0,0,0,0,0,0,0,0,0,0,0,0,0,0,0,215,84,63,7,28,3,30,0,0,94,83,1,7,0,3,0,0,0,121,1,62,0,28,0,30,0,0,84,1,44,0,13,0,26,0,0,0,0,0,0,0,0,0,0,0,84,1,44,0,13,0,26,0,0,217,97,41,8,49,1,21,0,0,105,96,0,8,0,1,0,0,0,112,1,41,0,49,0,21,0,0,127,56,35,2,17,2,15,0,0,59,55,0,2,0,2,0,0,0,68,1,35,0,17,0,15,0,0,0,0,0,0,0,0,0,0,0,0,0,0,0,0,0,0,0,0,0,0,0,0,0,0,0,0,0,127,56,35,2,17,2,15,0,0,59,55,0,2,0,2,0,0,0,68,1,35,0,17,0,15,0,0,48,1,25,0,10,0,12,0,0,0,0,0,0,0,0,0,0,0,48,1,25,0,10,0,12,0,0,152,42,32,16,46,0,14,0,2,59,42,0,16,1,0,0,0,0,93,0,32,0,45,0,14,0,2,72,26,23,3,9,0,11,0,0,29,26,0,3,0,0,0,0,0,43,0,23,0,9,0,11,0,0,0,0,0,0,0,0,0,0,0,0,0,0,0,0,0,0,0,0,0,0,0,0,0,0,0,0,0,72,26,23,3,9,0,11,0,0,29,26,0,3,0,0,0,0,0,43,0,23,0,9,0,11,0,0,29,0,16,0,3,0,10,0,0,0,0,0,0,0,0,0,0,0,29,0,16,0,3,0,10,0,0,26,3,3,2,10,1,3,0,4,7,3,1,2,0,1,0,0,0,19,0,2,0,10,0,3,0,4,16,2,5,2,2,1,4,0,0,6,2,1,2,0,1,0,0,0,10,0,4,0,2,0,4,0,0,0,0,0,0,0,0,0,0,0,0,0,0,0,0,0,0,0,0,0,0,0,0,0,0,0,0,0,16,2,5,2,2,1,4,0,0,6,2,1,2,0,1,0,0,0,10,0,4,0,2,0,4,0,0,7,0,3,0,0,0,4,0,0,0,0,0,0,0,0,0,0,0,7,0,3,0,0,0,4,0,0
2014-12-31,477,169,123,36,78,13,41,0,15,217,166,0,36,1,13,0,0,0,260,3,123,0,77,0,41,0,15,296,108,99,6,47,5,25,0,4,119,107,0,6,0,5,0,0,0,177,1,99,0,47,0,25,0,4,0,0,0,0,0,0,0,0,0,0,0,0,0,0,0,0,0,0,0,0,0,0,0,0,0,0,0,296,108,99,6,47,5,25,0,4,119,107,0,6,0,5,0,0,0,177,1,99,0,47,0,25,0,4,129,0,67,0,35,0,24,0,3,0,0,0,0,0,0,0,0,0,129,0,67,0,35,0,24,0,3,246,112,50,15,40,7,22,0,0,132,109,0,15,1,7,0,0,0,114,3,50,0,39,0,22,0,0,157,80,40,4,18,4,11,0,0,87,79,0,4,0,4,0,0,0,70,1,40,0,18,0,11,0,0,0,0,0,0,0,0,0,0,0,0,0,0,0,0,0,0,0,0,0,0,0,0,0,0,0,0,0,157,80,40,4,18,4,11,0,0,87,79,0,4,0,4,0,0,0,70,1,40,0,18,0,11,0,0,42,0,22,0,10,0,10,0,0,0,0,0,0,0,0,0,0,0,42,0,22,0,10,0,10,0,0,175,49,58,19,32,5,11,0,1,73,49,0,19,0,5,0,0,0,102,0,58,0,32,0,11,0,1,104,26,45,2,18,1,11,0,1,29,26,0,2,0,1,0,0,0,75,0,45,0,18,0,11,0,1,0,0,0,0,0,0,0,0,0,0,0,0,0,0,0,0,0,0,0,0,0,0,0,0,0,0,0,104,26,45,2,18,1,11,0,1,29,26,0,2,0,1,0,0,0,75,0,45,0,18,0,11,0,1,60,0,34,0,14,0,11,0,1,0,0,0,0,0,0,0,0,0,60,0,34,0,14,0,11,0,1,56,8,15,2,6,1,8,0,14,12,8,0,2,0,1,0,0,0,44,0,15,0,6,0,8,0,14,35,2,14,0,11,0,3,0,3,3,2,0,0,0,0,0,0,0,32,0,14,0,11,0,3,0,3,0,0,0,0,0,0,0,0,0,0,0,0,0,0,0,0,0,0,0,0,0,0,0,0,0,0,0,35,2,14,0,11,0,3,0,3,3,2,0,0,0,0,0,0,0,32,0,14,0,11,0,3,0,3,27,0,11,0,11,0,3,0,2,0,0,0,0,0,0,0,0,0,27,0,11,0,11,0,3,0,2
2015-01-31,427,148,95,41,85,6,26,0,25,196,148,1,41,0,6,0,0,0,231,0,94,0,85,0,26,0,25,277,103,79,9,54,5,24,0,2,119,103,1,9,1,5,0,0,0,158,0,78,0,53,0,24,0,2,0,0,0,0,0,0,0,0,0,0,0,0,0,0,0,0,0,0,0,0,0,0,0,0,0,0,0,277,103,79,9,54,5,24,0,2,119,103,1,9,1,5,0,0,0,158,0,78,0,53,0,24,0,2,121,0,61,0,39,0,20,0,0,0,0,0,0,0,0,0,0,0,121,0,61,0,39,0,20,0,0,222,96,30,25,50,2,17,0,1,123,96,0,25,0,2,0,0,0,99,0,30,0,50,0,17,0,1,146,67,28,5,30,2,13,0,0,75,67,0,5,1,2,0,0,0,71,0,28,0,29,0,13,0,0,0,0,0,0,0,0,0,0,0,0,0,0,0,0,0,0,0,0,0,0,0,0,0,0,0,0,0,146,67,28,5,30,2,13,0,0,75,67,0,5,1,2,0,0,0,71,0,28,0,29,0,13,0,0,54,0,20,0,20,0,13,0,0,0,0,0,0,0,0,0,0,0,54,0,20,0,20,0,13,0,0,153,45,50,13,30,3,8,0,4,62,45,1,13,0,3,0,0,0,91,0,49,0,30,0,8,0,4,103,28,43,3,20,1,7,0,1,33,28,1,3,0,1,0,0,0,70,0,42,0,20,0,7,0,1,0,0,0,0,0,0,0,0,0,0,0,0,0,0,0,0,0,0,0,0,0,0,0,0,0,0,0,103,28,43,3,20,1,7,0,1,33,28,1,3,0,1,0,0,0,70,0,42,0,20,0,7,0,1,55,0,34,0,16,0,5,0,0,0,0,0,0,0,0,0,0,0,55,0,34,0,16,0,5,0,0,52,7,15,3,5,1,1,0,20,11,7,0,3,0,1,0,0,0,41,0,15,0,5,0,1,0,20,28,8,8,1,4,2,4,0,1,11,8,0,1,0,2,0,0,0,17,0,8,0,4,0,4,0,1,0,0,0,0,0,0,0,0,0,0,0,0,0,0,0,0,0,0,0,0,0,0,0,0,0,0,0,28,8,8,1,4,2,4,0,1,11,8,0,1,0,2,0,0,0,17,0,8,0,4,0,4,0,1,12,0,7,0,3,0,2,0,0,0,0,0,0,0,0,0,0,0,12,0,7,0,3,0,2,0,0
2015-02-28,407,134,101,34,80,9,33,0,15,175,132,0,34,0,9,0,0,0,232,2,101,0,80,0,33,0,15,363,94,112,13,86,8,39,0,10,115,93,0,13,1,8,0,0,0,248,1,112,0,85,0,39,0,10,0,0,0,0,0,0,0,0,0,0,0,0,0,0,0,0,0,0,0,0,0,0,0,0,0,0,0,363,94,112,13,86,8,39,0,10,115,93,0,13,1,8,0,0,0,248,1,112,0,85,0,39,0,10,187,1,90,0,58,0,32,0,6,0,0,0,0,0,0,0,0,0,187,1,90,0,58,0,32,0,6,215,83,48,20,39,5,19,0,0,108,83,0,20,0,5,0,0,0,107,0,48,0,39,0,19,0,0,212,66,51,9,55,4,25,0,1,80,66,0,9,1,4,0,0,0,132,0,51,0,54,0,25,0,1,0,0,0,0,0,0,0,0,0,0,0,0,0,0,0,0,0,0,0,0,0,0,0,0,0,0,0,212,66,51,9,55,4,25,0,1,80,66,0,9,1,4,0,0,0,132,0,51,0,54,0,25,0,1,97,0,41,0,34,0,21,0,1,0,0,0,0,0,0,0,0,0,97,0,41,0,34,0,21,0,1,132,42,32,11,32,3,11,0,1,54,40,0,11,0,3,0,0,0,78,2,32,0,32,0,11,0,1,107,24,40,3,23,4,12,0,1,30,23,0,3,0,4,0,0,0,77,1,40,0,23,0,12,0,1,0,0,0,0,0,0,0,0,0,0,0,0,0,0,0,0,0,0,0,0,0,0,0,0,0,0,0,107,24,40,3,23,4,12,0,1,30,23,0,3,0,4,0,0,0,77,1,40,0,23,0,12,0,1,61,1,33,0,16,0,11,0,0,0,0,0,0,0,0,0,0,0,61,1,33,0,16,0,11,0,0,60,9,21,3,9,1,3,0,14,13,9,0,3,0,1,0,0,0,47,0,21,0,9,0,3,0,14,44,4,21,1,8,0,2,0,8,5,4,0,1,0,0,0,0,0,39,0,21,0,8,0,2,0,8,0,0,0,0,0,0,0,0,0,0,0,0,0,0,0,0,0,0,0,0,0,0,0,0,0,0,0,44,4,21,1,8,0,2,0,8,5,4,0,1,0,0,0,0,0,39,0,21,0,8,0,2,0,8,29,0,16,0,8,0,0,0,5,0,0,0,0,0,0,0,0,0,29,0,16,0,8,0,0,0,5
2015-03-31,485,159,115,47,76,5,33,0,49,207,156,1,45,0,5,0,0,0,278,3,114,2,76,0,33,0,49,353,106,100,11,76,1,40,0,18,117,105,1,10,0,1,0,0,0,236,1,99,1,76,0,40,0,18,0,0,0,0,0,0,0,0,0,0,0,0,0,0,0,0,0,0,0,0,0,0,0,0,0,0,0,353,106,100,11,76,1,40,0,18,117,105,1,10,0,1,0,0,0,236,1,99,1,76,0,40,0,18,167,1,76,0,43,0,36,0,11,0,0,0,0,0,0,0,0,0,167,1,76,0,43,0,36,0,11,224,99,48,22,31,3,20,0,0,120,96,0,21,0,3,0,0,0,104,3,48,1,31,0,20,0,0,147,63,34,4,20,1,24,0,0,67,62,0,4,0,1,0,0,0,80,1,34,0,20,0,24,0,0,0,0,0,0,0,0,0,0,0,0,0,0,0,0,0,0,0,0,0,0,0,0,0,0,0,0,0,147,63,34,4,20,1,24,0,0,67,62,0,4,0,1,0,0,0,80,1,34,0,20,0,24,0,0,63,1,25,0,15,0,22,0,0,0,0,0,0,0,0,0,0,0,63,1,25,0,15,0,22,0,0,188,42,49,19,38,2,7,0,31,62,42,0,18,0,2,0,0,0,126,0,49,1,38,0,7,0,31,143,33,48,6,44,0,10,0,2,38,33,0,5,0,0,0,0,0,105,0,48,1,44,0,10,0,2,0,0,0,0,0,0,0,0,0,0,0,0,0,0,0,0,0,0,0,0,0,0,0,0,0,0,0,143,33,48,6,44,0,10,0,2,38,33,0,5,0,0,0,0,0,105,0,48,1,44,0,10,0,2,68,0,37,0,23,0,8,0,0,0,0,0,0,0,0,0,0,0,68,0,37,0,23,0,8,0,0,73,18,18,6,7,0,6,0,18,25,18,1,6,0,0,0,0,0,48,0,17,0,7,0,6,0,18,63,10,18,1,12,0,6,0,16,12,10,1,1,0,0,0,0,0,51,0,17,0,12,0,6,0,16,0,0,0,0,0,0,0,0,0,0,0,0,0,0,0,0,0,0,0,0,0,0,0,0,0,0,0,63,10,18,1,12,0,6,0,16,12,10,1,1,0,0,0,0,0,51,0,17,0,12,0,6,0,16,36,0,14,0,5,0,6,0,11,0,0,0,0,0,0,0,0,0,36,0,14,0,5,0,6,0,11
2015-04-30,556,203,150,49,87,8,36,0,22,261,203,0,49,0,8,0,0,0,295,0,150,0,87,0,36,0,22,367,121,124,9,57,4,35,0,16,136,121,0,9,1,4,0,0,0,231,0,124,0,56,0,35,0,16,0,0,0,0,0,0,0,0,0,0,0,0,0,0,0,0,0,0,0,0,0,0,0,0,0,0,0,367,121,124,9,57,4,35,0,16,136,121,0,9,1,4,0,0,0,231,0,124,0,56,0,35,0,16,172,0,91,0,37,0,33,0,11,0,0,0,0,0,0,0,0,0,172,0,91,0,37,0,33,0,11,306,126,90,25,31,6,27,0,0,158,126,0,25,0,6,0,0,0,148,0,90,0,31,0,27,0,0,221,82,80,3,27,3,25,0,0,89,82,0,3,0,3,0,0,0,132,0,80,0,27,0,25,0,0,0,0,0,0,0,0,0,0,0,0,0,0,0,0,0,0,0,0,0,0,0,0,0,0,0,0,0,221,82,80,3,27,3,25,0,0,89,82,0,3,0,3,0,0,0,132,0,80,0,27,0,25,0,0,102,0,58,0,20,0,24,0,0,0,0,0,0,0,0,0,0,0,102,0,58,0,20,0,24,0,0,177,65,41,22,37,2,7,0,3,89,65,0,22,0,2,0,0,0,88,0,41,0,37,0,7,0,3,97,31,28,3,21,1,7,0,6,36,31,0,3,1,1,0,0,0,61,0,28,0,20,0,7,0,6,0,0,0,0,0,0,0,0,0,0,0,0,0,0,0,0,0,0,0,0,0,0,0,0,0,0,0,97,31,28,3,21,1,7,0,6,36,31,0,3,1,1,0,0,0,61,0,28,0,20,0,7,0,6,38,0,18,0,11,0,6,0,3,0,0,0,0,0,0,0,0,0,38,0,18,0,11,0,6,0,3,73,12,19,2,19,0,2,0,19,14,12,0,2,0,0,0,0,0,59,0,19,0,19,0,2,0,19,49,8,16,3,9,0,3,0,10,11,8,0,3,0,0,0,0,0,38,0,16,0,9,0,3,0,10,0,0,0,0,0,0,0,0,0,0,0,0,0,0,0,0,0,0,0,0,0,0,0,0,0,0,0,49,8,16,3,9,0,3,0,10,11,8,0,3,0,0,0,0,0,38,0,16,0,9,0,3,0,10,32,0,15,0,6,0,3,0,8,0,0,0,0,0,0,0,0,0,32,0,15,0,6,0,3,0,8
2015-05-31,549,169,149,50,74,19,45,0,42,238,169,0,50,0,19,0,0,0,311,0,149,0,74,0,45,0,42,401,132,119,5,65,14,41,0,24,152,132,0,5,1,14,0,0,0,249,0,119,0,64,0,41,0,24,0,0,0,0,0,0,0,0,0,0,0,0,0,0,0,0,0,0,0,0,0,0,0,0,0,0,0,401,132,119,5,65,14,41,0,24,152,132,0,5,1,14,0,0,0,249,0,119,0,64,0,41,0,24,190,0,82,0,49,0,41,0,18,0,0,0,0,0,0,0,0,0,190,0,82,0,49,0,41,0,18,212,94,46,18,23,9,21,0,1,121,94,0,18,0,9,0,0,0,91,0,46,0,23,0,21,0,1,151,77,28,1,17,8,19,0,1,86,77,0,1,0,8,0,0,0,65,0,28,0,17,0,19,0,1,0,0,0,0,0,0,0,0,0,0,0,0,0,0,0,0,0,0,0,0,0,0,0,0,0,0,0,151,77,28,1,17,8,19,0,1,86,77,0,1,0,8,0,0,0,65,0,28,0,17,0,19,0,1,49,0,18,0,12,0,19,0,0,0,0,0,0,0,0,0,0,0,49,0,18,0,12,0,19,0,0,212,59,66,26,36,8,13,0,3,93,59,0,26,0,8,0,0,0,119,0,66,0,36,0,13,0,3,162,46,61,4,29,4,11,0,6,55,46,0,4,1,4,0,0,0,107,0,61,0,28,0,11,0,6,0,0,0,0,0,0,0,0,0,0,0,0,0,0,0,0,0,0,0,0,0,0,0,0,0,0,0,162,46,61,4,29,4,11,0,6,55,46,0,4,1,4,0,0,0,107,0,61,0,28,0,11,0,6,80,0,43,0,20,0,11,0,6,0,0,0,0,0,0,0,0,0,80,0,43,0,20,0,11,0,6,125,16,37,6,15,2,11,0,38,24,16,0,6,0,2,0,0,0,101,0,37,0,15,0,11,0,38,88,9,30,0,19,2,11,0,17,11,9,0,0,0,2,0,0,0,77,0,30,0,19,0,11,0,17,0,0,0,0,0,0,0,0,0,0,0,0,0,0,0,0,0,0,0,0,0,0,0,0,0,0,0,88,9,30,0,19,2,11,0,17,11,9,0,0,0,2,0,0,0,77,0,30,0,19,0,11,0,17,61,0,21,0,17,0,11,0,12,0,0,0,0,0,0,0,0,0,61,0,21,0,17,0,11,0,12
2015-06-30,646,241,147,52,97,17,46,0,44,305,237,0,51,0,16,0,0,0,341,4,147,1,97,1,46,0,44,674,233,166,21,137,13,39,0,63,264,230,0,21,0,12,0,0,0,410,3,166,0,137,1,39,0,63,0,0,0,0,0,0,0,0,0,0,0,0,0,0,0,0,0,0,0,0,0,0,0,0,0,0,0,674,233,166,21,137,13,39,0,63,264,230,0,21,0,12,0,0,0,410,3,166,0,137,1,39,0,63,283,2,119,0,86,0,37,0,38,0,0,0,0,0,0,0,0,0,283,2,119,0,86,0,37,0,38,346,173,67,30,38,11,25,0,0,213,172,0,29,0,11,0,0,0,133,1,67,1,38,0,25,0,0,320,179,68,9,35,8,19,0,0,197,179,0,9,0,8,0,0,0,123,0,68,0,35,0,19,0,0,0,0,0,0,0,0,0,0,0,0,0,0,0,0,0,0,0,0,0,0,0,0,0,0,0,0,0,320,179,68,9,35,8,19,0,0,197,179,0,9,0,8,0,0,0,123,0,68,0,35,0,19,0,0,84,0,41,0,23,0,19,0,0,0,0,0,0,0,0,0,0,0,84,0,41,0,23,0,19,0,0,196,53,50,18,41,6,15,0,13,74,51,0,18,0,5,0,0,0,122,2,50,0,41,1,15,0,13,229,47,58,12,76,5,13,0,18,61,45,0,12,0,4,0,0,0,168,2,58,0,76,1,13,0,18,0,0,0,0,0,0,0,0,0,0,0,0,0,0,0,0,0,0,0,0,0,0,0,0,0,0,0,229,47,58,12,76,5,13,0,18,61,45,0,12,0,4,0,0,0,168,2,58,0,76,1,13,0,18,109,2,39,0,43,0,12,0,13,0,0,0,0,0,0,0,0,0,109,2,39,0,43,0,12,0,13,104,15,30,4,18,0,6,0,31,18,14,0,4,0,0,0,0,0,86,1,30,0,18,0,6,0,31,125,7,40,0,26,0,7,0,45,6,6,0,0,0,0,0,0,0,119,1,40,0,26,0,7,0,45,0,0,0,0,0,0,0,0,0,0,0,0,0,0,0,0,0,0,0,0,0,0,0,0,0,0,0,125,7,40,0,26,0,7,0,45,6,6,0,0,0,0,0,0,0,119,1,40,0,26,0,7,0,45,90,0,39,0,20,0,6,0,25,0,0,0,0,0,0,0,0,0,90,0,39,0,20,0,6,0,25
2015-07-31,706,269,158,54,115,11,46,0,52,336,268,0,54,2,11,0,0,0,370,1,158,0,113,0,46,0,52,943,356,212,33,212,12,80,0,37,397,351,0,33,1,11,0,0,0,546,5,212,0,211,1,80,0,37,0,0,0,0,0,0,0,0,0,0,0,0,0,0,0,0,0,0,0,0,0,0,0,0,0,0,0,943,356,212,33,212,12,80,0,37,397,351,0,33,1,11,0,0,0,546,5,212,0,211,1,80,0,37,288,0,125,0,81,0,57,0,25,0,0,0,0,0,0,0,0,0,288,0,125,0,81,0,57,0,25,375,183,73,29,53,6,27,0,3,219,182,0,29,1,6,0,0,0,156,1,73,0,52,0,27,0,3,609,292,116,23,115,8,53,0,1,320,288,0,23,1,7,0,0,0,289,4,116,0,114,1,53,0,1,0,0,0,0,0,0,0,0,0,0,0,0,0,0,0,0,0,0,0,0,0,0,0,0,0,0,0,609,292,116,23,115,8,53,0,1,320,288,0,23,1,7,0,0,0,289,4,116,0,114,1,53,0,1,121,0,50,0,36,0,34,0,1,0,0,0,0,0,0,0,0,0,121,0,50,0,36,0,34,0,1,204,64,55,21,47,2,11,0,4,88,64,0,21,1,2,0,0,0,116,0,55,0,46,0,11,0,4,237,49,73,9,81,2,17,0,6,59,48,0,9,0,2,0,0,0,178,1,73,0,81,0,17,0,6,0,0,0,0,0,0,0,0,0,0,0,0,0,0,0,0,0,0,0,0,0,0,0,0,0,0,0,237,49,73,9,81,2,17,0,6,59,48,0,9,0,2,0,0,0,178,1,73,0,81,0,17,0,6,107,0,53,0,35,0,16,0,3,0,0,0,0,0,0,0,0,0,107,0,53,0,35,0,16,0,3,127,22,30,4,15,3,8,0,45,29,22,0,4,0,3,0,0,0,98,0,30,0,15,0,8,0,45,97,15,23,1,16,2,10,0,30,18,15,0,1,0,2,0,0,0,79,0,23,0,16,0,10,0,30,0,0,0,0,0,0,0,0,0,0,0,0,0,0,0,0,0,0,0,0,0,0,0,0,0,0,0,97,15,23,1,16,2,10,0,30,18,15,0,1,0,2,0,0,0,79,0,23,0,16,0,10,0,30,60,0,22,0,10,0,7,0,21,0,0,0,0,0,0,0,0,0,60,0,22,0,10,0,7,0,21
2015-08-31,600,246,118,60,99,7,42,0,24,318,245,1,60,1,7,0,0,0,282,1,117,0,98,0,42,0,24,493,182,120,17,91,4,37,0,38,206,180,1,17,0,4,0,0,0,287,2,119,0,91,0,37,0,38,0,0,0,0,0,0,0,0,0,0,0,0,0,0,0,0,0,0,0,0,0,0,0,0,0,0,0,493,182,120,17,91,4,37,0,38,206,180,1,17,0,4,0,0,0,287,2,119,0,91,0,37,0,38,201,1,90,0,48,0,33,0,29,0,0,0,0,0,0,0,0,0,201,1,90,0,48,0,33,0,29,352,176,56,34,52,3,27,0,0,218,175,1,34,1,3,0,0,0,134,1,55,0,51,0,27,0,0,320,142,70,13,63,2,24,0,2,160,140,1,13,0,2,0,0,0,160,2,69,0,63,0,24,0,2,0,0,0,0,0,0,0,0,0,0,0,0,0,0,0,0,0,0,0,0,0,0,0,0,0,0,0,320,142,70,13,63,2,24,0,2,160,140,1,13,0,2,0,0,0,160,2,69,0,63,0,24,0,2,101,1,47,0,30,0,21,0,2,0,0,0,0,0,0,0,0,0,101,1,47,0,30,0,21,0,2,140,51,32,14,30,4,7,0,2,69,51,0,14,0,4,0,0,0,71,0,32,0,30,0,7,0,2,83,30,21,3,21,2,5,0,1,35,30,0,3,0,2,0,0,0,48,0,21,0,21,0,5,0,1,0,0,0,0,0,0,0,0,0,0,0,0,0,0,0,0,0,0,0,0,0,0,0,0,0,0,0,83,30,21,3,21,2,5,0,1,35,30,0,3,0,2,0,0,0,48,0,21,0,21,0,5,0,1,35,0,17,0,13,0,5,0,0,0,0,0,0,0,0,0,0,0,35,0,17,0,13,0,5,0,0,108,19,30,12,17,0,8,0,22,31,19,0,12,0,0,0,0,0,77,0,30,0,17,0,8,0,22,90,10,29,1,7,0,8,0,35,11,10,0,1,0,0,0,0,0,79,0,29,0,7,0,8,0,35,0,0,0,0,0,0,0,0,0,0,0,0,0,0,0,0,0,0,0,0,0,0,0,0,0,0,0,90,10,29,1,7,0,8,0,35,11,10,0,1,0,0,0,0,0,79,0,29,0,7,0,8,0,35,65,0,26,0,5,0,7,0,27,0,0,0,0,0,0,0,0,0,65,0,26,0,5,0,7,0,27
2015-09-30,741,281,202,50,85,19,44,0,55,352,281,0,50,0,18,0,0,0,389,0,202,0,85,1,44,0,55,651,240,201,22,110,6,36,0,31,269,239,0,22,0,5,0,0,0,382,1,201,0,110,1,36,0,31,0,0,0,0,0,0,0,0,0,0,0,0,0,0,0,0,0,0,0,0,0,0,0,0,0,0,0,651,240,201,22,110,6,36,0,31,269,239,0,22,0,5,0,0,0,382,1,201,0,110,1,36,0,31,254,0,146,0,59,1,32,0,15,0,0,0,0,0,0,0,0,0,254,0,146,0,59,1,32,0,15,408,188,107,21,43,13,28,0,3,224,188,0,21,0,12,0,0,0,184,0,107,0,43,1,28,0,3,379,179,105,13,49,5,23,0,0,198,178,0,13,0,4,0,0,0,181,1,105,0,49,1,23,0,0,0,0,0,0,0,0,0,0,0,0,0,0,0,0,0,0,0,0,0,0,0,0,0,0,0,0,0,379,179,105,13,49,5,23,0,0,198,178,0,13,0,4,0,0,0,181,1,105,0,49,1,23,0,0,129,0,80,0,28,1,19,0,0,0,0,0,0,0,0,0,0,0,129,0,80,0,28,1,19,0,0,189,69,42,21,31,4,13,0,9,94,69,0,21,0,4,0,0,0,95,0,42,0,31,0,13,0,9,144,41,42,3,41,0,10,0,7,44,41,0,3,0,0,0,0,0,100,0,42,0,41,0,10,0,7,0,0,0,0,0,0,0,0,0,0,0,0,0,0,0,0,0,0,0,0,0,0,0,0,0,0,0,144,41,42,3,41,0,10,0,7,44,41,0,3,0,0,0,0,0,100,0,42,0,41,0,10,0,7,56,0,26,0,18,0,10,0,2,0,0,0,0,0,0,0,0,0,56,0,26,0,18,0,10,0,2,144,24,53,8,11,2,3,0,43,34,24,0,8,0,2,0,0,0,110,0,53,0,11,0,3,0,43,128,20,54,6,20,1,3,0,24,27,20,0,6,0,1,0,0,0,101,0,54,0,20,0,3,0,24,0,0,0,0,0,0,0,0,0,0,0,0,0,0,0,0,0,0,0,0,0,0,0,0,0,0,0,128,20,54,6,20,1,3,0,24,27,20,0,6,0,1,0,0,0,101,0,54,0,20,0,3,0,24,69,0,40,0,13,0,3,0,13,0,0,0,0,0,0,0,0,0,69,0,40,0,13,0,3,0,13
2015-10-31,767,311,198,54,111,15,57,0,17,378,306,0,54,0,15,1,0,1,389,5,198,0,111,0,56,0,16,587,238,171,20,70,12,48,0,24,268,234,0,20,0,12,1,0,0,319,4,171,0,70,0,47,0,24,0,0,0,0,0,0,0,0,0,0,0,0,0,0,0,0,0,0,0,0,0,0,0,0,0,0,0,587,238,171,20,70,12,48,0,24,268,234,0,20,0,12,1,0,0,319,4,171,0,70,0,47,0,24,227,3,118,0,48,0,44,0,14,0,0,0,0,0,0,0,0,0,227,3,118,0,48,0,44,0,14,410,203,101,30,31,9,31,0,1,241,201,0,30,0,9,0,0,0,169,2,101,0,31,0,31,0,1,355,179,98,13,23,7,31,0,0,199,178,0,13,0,7,0,0,0,156,1,98,0,23,0,31,0,0,0,0,0,0,0,0,0,0,0,0,0,0,0,0,0,0,0,0,0,0,0,0,0,0,0,0,0,355,179,98,13,23,7,31,0,0,199,178,0,13,0,7,0,0,0,156,1,98,0,23,0,31,0,0,102,0,61,0,12,0,29,0,0,0,0,0,0,0,0,0,0,0,102,0,61,0,12,0,29,0,0,217,73,53,14,54,4,19,0,0,89,71,0,14,0,4,0,0,0,128,2,53,0,54,0,19,0,0,146,44,43,5,33,2,11,0,8,49,42,0,5,0,2,0,0,0,97,2,43,0,33,0,11,0,8,0,0,0,0,0,0,0,0,0,0,0,0,0,0,0,0,0,0,0,0,0,0,0,0,0,0,0,146,44,43,5,33,2,11,0,8,49,42,0,5,0,2,0,0,0,97,2,43,0,33,0,11,0,8,76,2,33,0,25,0,11,0,5,0,0,0,0,0,0,0,0,0,76,2,33,0,25,0,11,0,5,140,35,44,10,26,2,7,0,16,48,34,0,10,0,2,1,0,1,92,1,44,0,26,0,6,0,15,86,15,30,2,14,3,6,0,16,20,14,0,2,0,3,1,0,0,66,1,30,0,14,0,5,0,16,0,0,0,0,0,0,0,0,0,0,0,0,0,0,0,0,0,0,0,0,0,0,0,0,0,0,0,86,15,30,2,14,3,6,0,16,20,14,0,2,0,3,1,0,0,66,1,30,0,14,0,5,0,16,49,1,24,0,11,0,4,0,9,0,0,0,0,0,0,0,0,0,49,1,24,0,11,0,4,0,9
2015-11-30,691,260,172,72,94,16,40,0,36,347,259,0,72,1,15,0,0,0,344,1,172,0,93,1,40,0,36,481,188,148,13,66,5,39,0,21,204,186,0,13,0,4,0,0,1,277,2,148,0,66,1,39,0,20,0,0,0,0,0,0,0,0,0,0,0,0,0,0,0,0,0,0,0,0,0,0,0,0,0,0,0,481,188,148,13,66,5,39,0,21,204,186,0,13,0,4,0,0,1,277,2,148,0,66,1,39,0,20,177,1,91,0,37,1,36,0,10,0,0,0,0,0,0,0,0,0,177,1,91,0,37,1,36,0,10,369,180,76,40,43,10,18,0,1,231,180,0,40,1,10,0,0,0,138,0,76,0,42,0,18,0,1,273,140,70,9,29,3,19,0,2,151,139,0,9,0,3,0,0,0,122,1,70,0,29,0,19,0,2,0,0,0,0,0,0,0,0,0,0,0,0,0,0,0,0,0,0,0,0,0,0,0,0,0,0,0,273,140,70,9,29,3,19,0,2,151,139,0,9,0,3,0,0,0,122,1,70,0,29,0,19,0,2,84,0,50,0,14,0,17,0,2,0,0,0,0,0,0,0,0,0,84,0,50,0,14,0,17,0,2,199,59,58,25,32,3,13,0,9,85,58,0,25,0,2,0,0,0,114,1,58,0,32,1,13,0,9,119,33,45,2,22,1,13,0,3,34,32,0,2,0,0,0,0,0,85,1,45,0,22,1,13,0,3,0,0,0,0,0,0,0,0,0,0,0,0,0,0,0,0,0,0,0,0,0,0,0,0,0,0,0,119,33,45,2,22,1,13,0,3,34,32,0,2,0,0,0,0,0,85,1,45,0,22,1,13,0,3,48,1,21,0,13,1,12,0,0,0,0,0,0,0,0,0,0,0,48,1,21,0,13,1,12,0,0,123,21,38,7,19,3,9,0,26,31,21,0,7,0,3,0,0,0,92,0,38,0,19,0,9,0,26,89,15,33,2,15,1,7,0,16,19,15,0,2,0,1,0,0,1,70,0,33,0,15,0,7,0,15,0,0,0,0,0,0,0,0,0,0,0,0,0,0,0,0,0,0,0,0,0,0,0,0,0,0,0,89,15,33,2,15,1,7,0,16,19,15,0,2,0,1,0,0,1,70,0,33,0,15,0,7,0,15,45,0,20,0,10,0,7,0,8,0,0,0,0,0,0,0,0,0,45,0,20,0,10,0,7,0,8
2015-12-31,633,237,193,55,63,12,35,0,34,299,234,0,54,0,11,0,0,0,334,3,193,1,63,1,35,0,34,473,177,149,24,67,10,36,0,7,206,174,0,23,0,9,0,0,0,267,3,149,1,67,1,36,0,7,0,0,0,0,0,0,0,0,0,0,0,0,0,0,0,0,0,0,0,0,0,0,0,0,0,0,0,473,177,149,24,67,10,36,0,7,206,174,0,23,0,9,0,0,0,267,3,149,1,67,1,36,0,7,175,2,98,1,41,1,29,0,3,0,0,0,0,0,0,0,0,0,175,2,98,1,41,1,29,0,3,343,168,82,29,30,8,18,0,6,202,167,0,28,0,7,0,0,0,141,1,82,1,30,1,18,0,6,282,140,72,17,29,5,17,0,0,159,139,0,16,0,4,0,0,0,123,1,72,1,29,1,17,0,0,0,0,0,0,0,0,0,0,0,0,0,0,0,0,0,0,0,0,0,0,0,0,0,0,0,0,0,282,140,72,17,29,5,17,0,0,159,139,0,16,0,4,0,0,0,123,1,72,1,29,1,17,0,0,80,0,46,1,18,1,14,0,0,0,0,0,0,0,0,0,0,0,80,0,46,1,18,1,14,0,0,156,42,58,16,23,3,12,0,2,60,41,0,16,0,3,0,0,0,96,1,58,0,23,0,12,0,2,104,19,36,5,28,1,13,0,2,24,18,0,5,0,1,0,0,0,80,1,36,0,28,0,13,0,2,0,0,0,0,0,0,0,0,0,0,0,0,0,0,0,0,0,0,0,0,0,0,0,0,0,0,0,104,19,36,5,28,1,13,0,2,24,18,0,5,0,1,0,0,0,80,1,36,0,28,0,13,0,2,45,1,20,0,15,0,9,0,0,0,0,0,0,0,0,0,0,0,45,1,20,0,15,0,9,0,0,134,27,53,10,10,1,5,0,26,37,26,0,10,0,1,0,0,0,97,1,53,0,10,0,5,0,26,87,18,41,2,10,4,6,0,5,23,17,0,2,0,4,0,0,0,64,1,41,0,10,0,6,0,5,0,0,0,0,0,0,0,0,0,0,0,0,0,0,0,0,0,0,0,0,0,0,0,0,0,0,0,87,18,41,2,10,4,6,0,5,23,17,0,2,0,4,0,0,0,64,1,41,0,10,0,6,0,5,50,1,32,0,8,0,6,0,3,0,0,0,0,0,0,0,0,0,50,1,32,0,8,0,6,0,3
2016-01-31,835,426,181,52,79,18,46,0,27,501,426,0,52,0,18,0,0,0,334,0,181,0,79,0,46,0,27,594,261,155,12,79,8,46,0,27,286,261,0,12,0,8,0,0,0,308,0,155,0,79,0,46,0,27,0,0,0,0,0,0,0,0,0,0,0,0,0,0,0,0,0,0,0,0,0,0,0,0,0,0,0,594,261,155,12,79,8,46,0,27,286,261,0,12,0,8,0,0,0,308,0,155,0,79,0,46,0,27,195,0,108,0,46,0,38,0,3,0,0,0,0,0,0,0,0,0,195,0,108,0,46,0,38,0,3,525,320,89,31,44,12,26,0,0,366,320,0,31,0,12,0,0,0,159,0,89,0,44,0,26,0,0,344,219,74,5,13,5,25,0,0,232,219,0,5,0,5,0,0,0,112,0,74,0,13,0,25,0,0,0,0,0,0,0,0,0,0,0,0,0,0,0,0,0,0,0,0,0,0,0,0,0,0,0,0,0,344,219,74,5,13,5,25,0,0,232,219,0,5,0,5,0,0,0,112,0,74,0,13,0,25,0,0,76,0,49,0,8,0,19,0,0,0,0,0,0,0,0,0,0,0,76,0,49,0,8,0,19,0,0,176,72,45,11,21,5,9,0,12,89,72,0,11,0,5,0,0,0,87,0,45,0,21,0,9,0,12,165,30,45,6,52,3,11,0,17,40,30,0,6,0,3,0,0,0,125,0,45,0,52,0,11,0,17,0,0,0,0,0,0,0,0,0,0,0,0,0,0,0,0,0,0,0,0,0,0,0,0,0,0,0,165,30,45,6,52,3,11,0,17,40,30,0,6,0,3,0,0,0,125,0,45,0,52,0,11,0,17,67,0,29,0,28,0,10,0,0,0,0,0,0,0,0,0,0,0,67,0,29,0,28,0,10,0,0,134,34,47,10,14,1,11,0,15,46,34,0,10,0,1,0,0,0,88,0,47,0,14,0,11,0,15,85,12,36,1,14,0,10,0,10,14,12,0,1,0,0,0,0,0,71,0,36,0,14,0,10,0,10,0,0,0,0,0,0,0,0,0,0,0,0,0,0,0,0,0,0,0,0,0,0,0,0,0,0,0,85,12,36,1,14,0,10,0,10,14,12,0,1,0,0,0,0,0,71,0,36,0,14,0,10,0,10,52,0,30,0,10,0,9,0,3,0,0,0,0,0,0,0,0,0,52,0,30,0,10,0,9,0,3
2016-02-29,889,385,213,81,87,15,59,0,44,481,383,0,80,0,15,0,0,0,408,2,213,1,87,0,59,0,44,596,274,136,26,64,12,52,0,28,314,273,0,26,0,12,0,0,0,282,1,136,0,64,0,52,0,28,0,0,0,0,0,0,0,0,0,0,0,0,0,0,0,0,0,0,0,0,0,0,0,0,0,0,0,596,274,136,26,64,12,52,0,28,314,273,0,26,0,12,0,0,0,282,1,136,0,64,0,52,0,28,187,0,84,0,40,0,49,0,13,0,0,0,0,0,0,0,0,0,187,0,84,0,40,0,49,0,13,480,270,81,46,42,7,33,0,0,321,268,0,45,0,7,0,0,0,159,2,81,1,42,0,33,0,0,380,206,73,21,44,7,26,0,2,234,205,0,21,0,7,0,0,0,146,1,73,0,44,0,26,0,2,0,0,0,0,0,0,0,0,0,0,0,0,0,0,0,0,0,0,0,0,0,0,0,0,0,0,0,380,206,73,21,44,7,26,0,2,234,205,0,21,0,7,0,0,0,146,1,73,0,44,0,26,0,2,101,0,48,0,27,0,24,0,2,0,0,0,0,0,0,0,0,0,101,0,48,0,27,0,24,0,2,223,81,70,23,23,5,14,0,4,111,81,0,23,0,5,0,0,0,112,0,70,0,23,0,14,0,4,135,51,37,3,13,3,13,0,12,59,51,0,3,0,3,0,0,0,76,0,37,0,13,0,13,0,12,0,0,0,0,0,0,0,0,0,0,0,0,0,0,0,0,0,0,0,0,0,0,0,0,0,0,0,135,51,37,3,13,3,13,0,12,59,51,0,3,0,3,0,0,0,76,0,37,0,13,0,13,0,12,52,0,23,0,7,0,12,0,9,0,0,0,0,0,0,0,0,0,52,0,23,0,7,0,12,0,9,186,34,62,12,22,3,12,0,40,49,34,0,12,0,3,0,0,0,137,0,62,0,22,0,12,0,40,81,17,26,2,7,2,13,0,14,21,17,0,2,0,2,0,0,0,60,0,26,0,7,0,13,0,14,0,0,0,0,0,0,0,0,0,0,0,0,0,0,0,0,0,0,0,0,0,0,0,0,0,0,0,81,17,26,2,7,2,13,0,14,21,17,0,2,0,2,0,0,0,60,0,26,0,7,0,13,0,14,34,0,13,0,6,0,13,0,2,0,0,0,0,0,0,0,0,0,34,0,13,0,6,0,13,0,2
2016-03-31,899,329,246,66,105,26,87,0,34,424,328,0,66,0,26,0,0,0,475,1,246,0,105,0,87,0,34,878,263,274,34,150,14,90,0,46,314,262,0,34,0,14,0,0,0,564,1,274,0,150,0,90,0,46,1,1,0,0,0,0,0,0,0,1,1,0,0,0,0,0,0,0,0,0,0,0,0,0,0,0,0,877,262,274,34,150,14,90,0,46,313,261,0,34,0,14,0,0,0,564,1,274,0,150,0,90,0,46,389,1,199,0,80,0,82,0,24,0,0,0,0,0,0,0,0,0,389,1,199,0,80,0,82,0,24,522,226,113,34,65,14,63,0,2,277,225,0,34,0,14,0,0,0,245,1,113,0,65,0,63,0,2,526,200,122,20,98,12,68,0,1,235,199,0,20,0,12,0,0,0,291,1,122,0,98,0,68,0,1,1,1,0,0,0,0,0,0,0,1,1,0,0,0,0,0,0,0,0,0,0,0,0,0,0,0,0,525,199,122,20,98,12,68,0,1,234,198,0,20,0,12,0,0,0,291,1,122,0,98,0,68,0,1,186,1,80,0,42,0,61,0,1,0,0,0,0,0,0,0,0,0,186,1,80,0,42,0,61,0,1,203,68,71,22,19,7,14,0,1,97,68,0,22,0,7,0,0,0,106,0,71,0,19,0,14,0,1,156,34,70,9,24,1,12,0,5,44,34,0,9,0,1,0,0,0,112,0,70,0,24,0,12,0,5,0,0,0,0,0,0,0,0,0,0,0,0,0,0,0,0,0,0,0,0,0,0,0,0,0,0,0,156,34,70,9,24,1,12,0,5,44,34,0,9,0,1,0,0,0,112,0,70,0,24,0,12,0,5,82,0,51,0,17,0,11,0,2,0,0,0,0,0,0,0,0,0,82,0,51,0,17,0,11,0,2,174,35,62,10,21,5,10,0,31,50,35,0,10,0,5,0,0,0,124,0,62,0,21,0,10,0,31,196,29,82,5,28,1,10,0,40,35,29,0,5,0,1,0,0,0,161,0,82,0,28,0,10,0,40,0,0,0,0,0,0,0,0,0,0,0,0,0,0,0,0,0,0,0,0,0,0,0,0,0,0,0,196,29,82,5,28,1,10,0,40,35,29,0,5,0,1,0,0,0,161,0,82,0,28,0,10,0,40,121,0,68,0,21,0,10,0,21,0,0,0,0,0,0,0,0,0,121,0,68,0,21,0,10,0,21
2016-04-30,867,304,263,65,91,11,49,0,81,384,303,1,65,1,11,0,0,0,483,1,262,0,90,0,49,0,81,727,231,260,17,83,4,59,0,70,255,230,0,17,1,4,0,0,0,472,1,260,0,82,0,59,0,70,0,0,0,0,0,0,0,0,0,0,0,0,0,0,0,0,0,0,0,0,0,0,0,0,0,0,0,727,231,260,17,83,4,59,0,70,255,230,0,17,1,4,0,0,0,472,1,260,0,82,0,59,0,70,361,1,199,0,60,0,56,0,45,0,0,0,0,0,0,0,0,0,361,1,199,0,60,0,56,0,45,447,201,115,43,47,6,31,0,1,252,200,0,43,0,6,0,0,0,195,1,115,0,47,0,31,0,1,352,159,103,8,41,4,33,0,1,173,158,0,8,0,4,0,0,0,179,1,103,0,41,0,33,0,1,0,0,0,0,0,0,0,0,0,0,0,0,0,0,0,0,0,0,0,0,0,0,0,0,0,0,0,352,159,103,8,41,4,33,0,1,173,158,0,8,0,4,0,0,0,179,1,103,0,41,0,33,0,1,143,1,74,0,35,0,32,0,1,0,0,0,0,0,0,0,0,0,143,1,74,0,35,0,32,0,1,221,62,67,16,25,4,11,0,36,84,62,1,16,1,4,0,0,0,137,0,66,0,24,0,11,0,36,215,47,79,5,29,0,18,0,37,53,47,0,5,1,0,0,0,0,162,0,79,0,28,0,18,0,37,0,0,0,0,0,0,0,0,0,0,0,0,0,0,0,0,0,0,0,0,0,0,0,0,0,0,0,215,47,79,5,29,0,18,0,37,53,47,0,5,1,0,0,0,0,162,0,79,0,28,0,18,0,37,120,0,58,0,16,0,16,0,30,0,0,0,0,0,0,0,0,0,120,0,58,0,16,0,16,0,30,199,41,81,6,19,1,7,0,44,48,41,0,6,0,1,0,0,0,151,0,81,0,19,0,7,0,44,160,25,78,4,13,0,8,0,32,29,25,0,4,0,0,0,0,0,131,0,78,0,13,0,8,0,32,0,0,0,0,0,0,0,0,0,0,0,0,0,0,0,0,0,0,0,0,0,0,0,0,0,0,0,160,25,78,4,13,0,8,0,32,29,25,0,4,0,0,0,0,0,131,0,78,0,13,0,8,0,32,98,0,67,0,9,0,8,0,14,0,0,0,0,0,0,0,0,0,98,0,67,0,9,0,8,0,14
2016-05-31,845,295,233,61,120,9,64,0,58,369,294,0,61,0,9,0,0,0,476,1,233,0,120,0,64,0,58,673,235,207,28,107,5,49,0,37,272,234,0,28,0,5,0,0,0,401,1,207,0,107,0,49,0,37,1,0,0,0,1,0,0,0,0,0,0,0,0,0,0,0,0,0,1,0,0,0,1,0,0,0,0,672,235,207,28,106,5,49,0,37,272,234,0,28,0,5,0,0,0,400,1,207,0,106,0,49,0,37,295,0,153,0,83,0,48,0,11,0,0,0,0,0,0,0,0,0,295,0,153,0,83,0,48,0,11,396,190,84,31,46,8,33,0,0,232,189,0,31,0,8,0,0,0,164,1,84,0,46,0,33,0,0,313,148,73,18,39,4,27,0,0,173,147,0,18,0,4,0,0,0,140,1,73,0,39,0,27,0,0,0,0,0,0,0,0,0,0,0,0,0,0,0,0,0,0,0,0,0,0,0,0,0,0,0,0,0,313,148,73,18,39,4,27,0,0,173,147,0,18,0,4,0,0,0,140,1,73,0,39,0,27,0,0,118,0,59,0,32,0,27,0,0,0,0,0,0,0,0,0,0,0,118,0,59,0,32,0,27,0,0,234,73,82,14,43,0,15,0,7,87,73,0,14,0,0,0,0,0,147,0,82,0,43,0,15,0,7,187,61,73,3,37,1,8,0,4,65,61,0,3,0,1,0,0,0,122,0,73,0,37,0,8,0,4,1,0,0,0,1,0,0,0,0,0,0,0,0,0,0,0,0,0,1,0,0,0,1,0,0,0,0,186,61,73,3,36,1,8,0,4,65,61,0,3,0,1,0,0,0,121,0,73,0,36,0,8,0,4,92,0,53,0,29,0,8,0,2,0,0,0,0,0,0,0,0,0,92,0,53,0,29,0,8,0,2,215,32,67,16,31,1,16,0,51,50,32,0,16,0,1,0,0,0,165,0,67,0,31,0,16,0,51,173,26,61,7,31,0,14,0,33,34,26,0,7,0,0,0,0,0,139,0,61,0,31,0,14,0,33,0,0,0,0,0,0,0,0,0,0,0,0,0,0,0,0,0,0,0,0,0,0,0,0,0,0,0,173,26,61,7,31,0,14,0,33,34,26,0,7,0,0,0,0,0,139,0,61,0,31,0,14,0,33,85,0,41,0,22,0,13,0,9,0,0,0,0,0,0,0,0,0,85,0,41,0,22,0,13,0,9
2016-06-30,900,345,279,64,90,25,60,0,32,437,344,2,64,0,25,0,0,0,463,1,277,0,90,0,60,0,32,722,293,245,30,62,7,51,0,29,333,292,2,30,0,7,0,0,0,389,1,243,0,62,0,51,0,29,0,0,0,0,0,0,0,0,0,0,0,0,0,0,0,0,0,0,0,0,0,0,0,0,0,0,0,722,293,245,30,62,7,51,0,29,333,292,2,30,0,7,0,0,0,389,1,243,0,62,0,51,0,29,284,1,177,0,49,0,42,0,14,0,0,0,0,0,0,0,0,0,284,1,177,0,49,0,42,0,14,461,195,131,38,47,14,32,0,2,250,194,2,38,0,14,0,0,0,211,1,129,0,47,0,32,0,2,399,197,118,22,28,5,25,0,2,227,196,2,22,0,5,0,0,0,172,1,116,0,28,0,25,0,2,0,0,0,0,0,0,0,0,0,0,0,0,0,0,0,0,0,0,0,0,0,0,0,0,0,0,0,399,197,118,22,28,5,25,0,2,227,196,2,22,0,5,0,0,0,172,1,116,0,28,0,25,0,2,134,1,90,0,22,0,19,0,2,0,0,0,0,0,0,0,0,0,134,1,90,0,22,0,19,0,2,280,108,105,18,22,7,17,0,2,133,108,0,18,0,7,0,0,0,147,0,105,0,22,0,17,0,2,196,75,79,6,18,2,14,0,1,83,75,0,6,0,2,0,0,0,113,0,79,0,18,0,14,0,1,0,0,0,0,0,0,0,0,0,0,0,0,0,0,0,0,0,0,0,0,0,0,0,0,0,0,0,196,75,79,6,18,2,14,0,1,83,75,0,6,0,2,0,0,0,113,0,79,0,18,0,14,0,1,77,0,52,0,12,0,13,0,0,0,0,0,0,0,0,0,0,0,77,0,52,0,12,0,13,0,0,159,42,43,8,21,4,11,0,28,54,42,0,8,0,4,0,0,0,105,0,43,0,21,0,11,0,28,127,21,48,2,16,0,12,0,26,23,21,0,2,0,0,0,0,0,104,0,48,0,16,0,12,0,26,0,0,0,0,0,0,0,0,0,0,0,0,0,0,0,0,0,0,0,0,0,0,0,0,0,0,0,127,21,48,2,16,0,12,0,26,23,21,0,2,0,0,0,0,0,104,0,48,0,16,0,12,0,26,73,0,35,0,15,0,10,0,12,0,0,0,0,0,0,0,0,0,73,0,35,0,15,0,10,0,12
2016-07-31,690,279,174,39,102,15,32,0,40,339,279,0,39,0,15,0,0,0,351,0,174,0,102,0,32,0,40,645,234,166,80,84,13,28,0,31,333,234,0,80,0,13,0,0,0,312,0,166,0,84,0,28,0,31,109,22,50,2,22,1,3,0,7,25,22,0,2,0,1,0,0,0,84,0,50,0,22,0,3,0,7,536,212,116,78,62,12,25,0,24,308,212,0,78,0,12,0,0,0,228,0,116,0,62,0,25,0,24,220,0,127,0,52,0,26,0,15,0,0,0,0,0,0,0,0,0,220,0,127,0,52,0,26,0,15,358,172,70,16,64,13,17,0,1,204,172,0,16,0,13,0,0,0,154,0,70,0,64,0,17,0,1,343,135,64,64,55,7,13,0,0,209,135,0,64,0,7,0,0,0,134,0,64,0,55,0,13,0,0,52,10,24,0,15,0,2,0,0,10,10,0,0,0,0,0,0,0,42,0,24,0,15,0,2,0,0,291,125,40,64,40,7,11,0,0,199,125,0,64,0,7,0,0,0,92,0,40,0,40,0,11,0,0,93,0,49,0,31,0,13,0,0,0,0,0,0,0,0,0,0,0,93,0,49,0,31,0,13,0,0,200,78,62,15,27,2,7,0,9,95,78,0,15,0,2,0,0,0,105,0,62,0,27,0,7,0,9,181,79,60,12,15,5,6,0,4,96,79,0,12,0,5,0,0,0,85,0,60,0,15,0,6,0,4,36,11,16,1,3,1,1,0,3,13,11,0,1,0,1,0,0,0,23,0,16,0,3,0,1,0,3,145,68,44,11,12,4,5,0,1,83,68,0,11,0,4,0,0,0,62,0,44,0,12,0,5,0,1,63,0,44,0,11,0,5,0,3,0,0,0,0,0,0,0,0,0,63,0,44,0,11,0,5,0,3,132,29,42,8,11,0,8,0,30,40,29,0,8,0,0,0,0,0,92,0,42,0,11,0,8,0,30,121,20,42,4,14,1,9,0,27,28,20,0,4,0,1,0,0,0,93,0,42,0,14,0,9,0,27,21,1,10,1,4,0,0,0,4,2,1,0,1,0,0,0,0,0,19,0,10,0,4,0,0,0,4,100,19,32,3,10,1,9,0,23,26,19,0,3,0,1,0,0,0,74,0,32,0,10,0,9,0,23,64,0,34,0,10,0,8,0,12,0,0,0,0,0,0,0,0,0,64,0,34,0,10,0,8,0,12
2016-08-31,967,343,319,55,110,15,60,0,57,419,342,0,55,0,15,0,0,0,548,1,319,0,110,0,60,0,57,990,339,326,72,95,18,59,0,74,433,338,0,71,0,18,0,0,0,557,1,326,1,95,0,59,0,74,295,55,176,12,25,2,4,0,19,71,55,0,12,0,2,0,0,0,224,0,176,0,25,0,4,0,19,695,284,150,60,70,16,55,0,55,362,283,0,59,0,16,0,0,0,333,1,150,1,70,0,55,0,55,443,1,278,0,70,0,56,0,37,0,0,0,0,0,0,0,0,0,443,1,278,0,70,0,56,0,37,444,172,152,26,51,10,24,0,3,214,172,0,26,0,10,0,0,0,230,0,152,0,51,0,24,0,3,382,141,147,13,45,5,25,0,1,163,141,0,12,0,5,0,0,0,219,0,147,1,45,0,25,0,1,140,25,95,1,13,0,4,0,1,27,25,0,1,0,0,0,0,0,113,0,95,0,13,0,4,0,1,242,116,52,12,32,5,21,0,0,136,116,0,11,0,5,0,0,0,106,0,52,1,32,0,21,0,0,195,0,134,0,38,0,23,0,0,0,0,0,0,0,0,0,0,0,195,0,134,0,38,0,23,0,0,341,123,112,23,38,3,27,0,14,148,122,0,23,0,3,0,0,0,193,1,112,0,38,0,27,0,14,365,141,118,34,29,9,24,0,9,183,140,0,34,0,9,0,0,0,182,1,118,0,29,0,24,0,9,117,25,64,9,11,2,0,0,6,36,25,0,9,0,2,0,0,0,81,0,64,0,11,0,0,0,6,248,116,54,25,18,7,24,0,3,147,115,0,25,0,7,0,0,0,101,1,54,0,18,0,24,0,3,144,1,98,0,17,0,23,0,4,0,0,0,0,0,0,0,0,0,144,1,98,0,17,0,23,0,4,182,48,55,6,21,2,9,0,40,57,48,0,6,0,2,0,0,0,125,0,55,0,21,0,9,0,40,243,57,61,25,21,4,10,0,64,87,57,0,25,0,4,0,0,0,156,0,61,0,21,0,10,0,64,38,5,17,2,1,0,0,0,12,8,5,0,2,0,0,0,0,0,30,0,17,0,1,0,0,0,12,205,52,44,23,20,4,10,0,52,79,52,0,23,0,4,0,0,0,126,0,44,0,20,0,10,0,52,104,0,46,0,15,0,10,0,33,0,0,0,0,0,0,0,0,0,104,0,46,0,15,0,10,0,33
2016-09-30,1238,352,523,64,94,15,56,0,128,436,352,0,64,0,15,0,0,0,802,0,523,0,94,0,56,0,128,1226,402,514,44,69,18,54,0,118,470,402,0,44,0,18,0,0,0,756,0,514,0,69,0,54,0,118,437,73,294,7,26,1,13,0,22,82,73,0,7,0,1,0,0,0,355,0,294,0,26,0,13,0,22,789,329,220,37,43,17,41,0,96,388,329,0,37,0,17,0,0,0,401,0,220,0,43,0,41,0,96,632,0,445,0,47,0,46,0,93,0,0,0,0,0,0,0,0,0,632,0,445,0,47,0,46,0,93,504,159,232,21,37,12,32,0,6,196,159,0,21,0,12,0,0,0,308,0,232,0,37,0,32,0,6,552,236,218,14,31,12,30,0,5,267,236,0,14,0,12,0,0,0,285,0,218,0,31,0,30,0,5,202,40,139,2,13,1,5,0,1,44,40,0,2,0,1,0,0,0,158,0,139,0,13,0,5,0,1,350,196,79,12,18,11,25,0,4,223,196,0,12,0,11,0,0,0,127,0,79,0,18,0,25,0,4,245,0,192,0,22,0,26,0,4,0,0,0,0,0,0,0,0,0,245,0,192,0,22,0,26,0,4,486,147,197,24,30,2,12,0,73,174,147,0,24,0,2,0,0,0,312,0,197,0,30,0,12,0,73,472,127,203,17,25,3,13,0,83,148,127,0,17,0,3,0,0,0,324,0,203,0,25,0,13,0,83,160,30,110,3,8,0,4,0,5,33,30,0,3,0,0,0,0,0,127,0,110,0,8,0,4,0,5,312,97,93,14,17,3,9,0,78,115,97,0,14,0,3,0,0,0,197,0,93,0,17,0,9,0,78,281,0,178,0,16,0,9,0,78,0,0,0,0,0,0,0,0,0,281,0,178,0,16,0,9,0,78,248,46,94,19,27,1,12,0,49,66,46,0,19,0,1,0,0,0,182,0,94,0,27,0,12,0,49,202,39,93,13,13,3,11,0,30,55,39,0,13,0,3,0,0,0,147,0,93,0,13,0,11,0,30,75,3,45,2,5,0,4,0,16,5,3,0,2,0,0,0,0,0,70,0,45,0,5,0,4,0,16,127,36,48,11,8,3,7,0,14,50,36,0,11,0,3,0,0,0,77,0,48,0,8,0,7,0,14,106,0,75,0,9,0,11,0,11,0,0,0,0,0,0,0,0,0,106,0,75,0,9,0,11,0,11
2016-10-31,39,13,19,1,2,0,1,0,3,14,13,0,1,0,0,0,0,0,25,0,19,0,2,0,1,0,3,36,12,22,1,1,0,0,0,0,13,12,0,1,0,0,0,0,0,23,0,22,0,1,0,0,0,0,15,0,14,0,1,0,0,0,0,0,0,0,0,0,0,0,0,0,15,0,14,0,1,0,0,0,0,21,12,8,1,0,0,0,0,0,13,12,0,1,0,0,0,0,0,8,0,8,0,0,0,0,0,0,19,0,19,0,0,0,0,0,0,0,0,0,0,0,0,0,0,0,19,0,19,0,0,0,0,0,0,23,9,12,1,0,0,1,0,0,10,9,0,1,0,0,0,0,0,13,0,12,0,0,0,1,0,0,18,8,10,0,0,0,0,0,0,8,8,0,0,0,0,0,0,0,10,0,10,0,0,0,0,0,0,9,0,9,0,0,0,0,0,0,0,0,0,0,0,0,0,0,0,9,0,9,0,0,0,0,0,0,9,8,1,0,0,0,0,0,0,8,8,0,0,0,0,0,0,0,1,0,1,0,0,0,0,0,0,8,0,8,0,0,0,0,0,0,0,0,0,0,0,0,0,0,0,8,0,8,0,0,0,0,0,0,10,4,6,0,0,0,0,0,0,4,4,0,0,0,0,0,0,0,6,0,6,0,0,0,0,0,0,14,2,11,1,0,0,0,0,0,3,2,0,1,0,0,0,0,0,11,0,11,0,0,0,0,0,0,5,0,5,0,0,0,0,0,0,0,0,0,0,0,0,0,0,0,5,0,5,0,0,0,0,0,0,9,2,6,1,0,0,0,0,0,3,2,0,1,0,0,0,0,0,6,0,6,0,0,0,0,0,0,10,0,10,0,0,0,0,0,0,0,0,0,0,0,0,0,0,0,10,0,10,0,0,0,0,0,0,6,0,1,0,2,0,0,0,3,0,0,0,0,0,0,0,0,0,6,0,1,0,2,0,0,0,3,4,2,1,0,1,0,0,0,0,2,2,0,0,0,0,0,0,0,2,0,1,0,1,0,0,0,0,1,0,0,0,1,0,0,0,0,0,0,0,0,0,0,0,0,0,1,0,0,0,1,0,0,0,0,3,2,1,0,0,0,0,0,0,2,2,0,0,0,0,0,0,0,1,0,1,0,0,0,0,0,0,1,0,1,0,0,0,0,0,0,0,0,0,0,0,0,0,0,0,1,0,1,0,0,0,0,0,0
